24,25,26,27,28,29,30,31,32,33,36,37,40,
71.66,71.93,71.87,71.12,70.92,71.99,70.47,71.02,71.23,70.54,71.47,71.69,69.79,
21,22,23,24,25,26,27,28,29,30,
69.59,69.99,70.3,71.09,70.72,71.46,71.47,71.15,70.64,69.96,
23,24,25,26,27,28,29,30,31,32,33,
72.27,71.30999999999999,71.06,71.62,71.27,71.11,71.62,70.76,70.7,71.04,70.04,
24,25,26,27,28,29,30,31,32,33,34,35,36,
71.91,71.19,70.62,70.5,69.9,70.31,71.07,72.45,71.07,70.85,70.92,70.28,70.04,
23,24,25,26,27,28,29,30,31,32,33,34,
73.36,72.25999999999999,70.94999999999999,72.08,70.58,70.38,70.67,70.79,70.27,70.96,70.22,70.07,
22,23,24,25,26,27,28,29,30,31,
71.28999999999999,70.39,70.94,71.02,71.14,69.97,70.56,71.36,70.47,70.13,
23,24,26,27,28,29,30,31,32,33,34,35,36,37,
72.92999999999999,72.00999999999999,72.12,71.08999999999999,70.39,70.76,69.91,70.69,70.73,70.51,70.66,70.44,70.35,70.26,
25,26,27,28,29,30,31,32,33,34,35,36,
71.21,70.11,70.43,71.24,71.32,71.06,71.58,72.24,71.53,70.86999999999999,70.05,70.27,
23,24,25,26,27,28,29,31,32,33,
72.41999999999999,71.67999999999999,70.66,70.76,70.78,69.89,71.23,70.38,70.54,70.3,
23,24,26,27,28,29,30,31,32,33,34,
72.47,71.6,70.93,71.1,70.75,70.49,71.04,70.55,70.87,69.88,70.31,
23,24,25,26,27,28,29,30,31,32,33,36,
72.05,72.41,72.85,72.47,71.89999999999999,72.36999999999999,71.08999999999999,73.16,71.21,71.56,72.0,70.36,
25,26,27,28,29,30,31,32,33,34,36,37,38,39,40,
70.53,70.63,70.92,71.0,71.08,69.9,70.5,70.27,69.9,69.69,70.63,70.5,71.44,70.76,70.37,
29,30,31,32,33,34,35,36,37,38,39,
71.19,70.6,70.56,70.81,71.12,71.12,70.65,70.4,71.01,71.52,70.39,
23,24,25,26,27,28,29,30,31,32,33,
72.32,71.75999999999999,72.53999999999999,71.03,70.85,70.92,70.76,70.97,71.13,71.17,70.43,
23,24,25,26,27,28,29,30,31,32,33,34,
73.19,72.29,70.89,70.22,71.12,71.47,71.09,71.12,70.97,71.54,71.22,70.43,
26,27,28,29,30,31,32,33,34,35,
70.53999999999999,70.54,69.91,71.03,70.67,70.9,72.01,70.37,70.43,70.48,
23,24,25,26,27,28,29,30,31,32,33,34,
72.08999999999999,71.82,70.63,70.98,70.73,70.94,70.69,70.84,71.39,71.07,70.56,70.48,
26,27,28,29,30,31,32,33,34,35,36,37,38,
72.11,72.39,70.93,70.1,70.58,71.23,70.84,71.21,70.32,70.89,70.11,70.35,70.49,
27,28,29,30,31,32,33,34,35,36,37,38,
71.18,70.38,70.44,70.25,70.11,70.78,70.89,70.48,71.12,70.64,70.81,70.53,
29,30,31,32,33,34,35,36,37,38,39,42,43,44,
71.48,71.27,71.01,71.24,70.93,70.98,69.57,70.62,70.85,71.01,71.54,71.22,70.68,70.53,
23,24,26,27,28,29,30,31,32,33,34,
72.93,72.24,71.66999999999999,71.5,71.47999999999999,71.28,70.69,70.89,72.08,70.86,70.53,
22,26,27,28,29,30,31,32,33,34,35,
72.96,70.97,71.51,71.22,71.04,70.56,71.04,70.13,71.17,70.66,70.54,
22,23,24,25,26,27,28,29,30,31,32,33,34,35,36,
70.25,70.82,70.49,70.8,70.0,70.1,70.76,70.03,70.1,70.62,70.3,70.8,70.65,71.1,70.55,
26,27,29,30,31,32,33,34,35,36,37,39,40,
72.36999999999999,73.19,71.49,71.05,71.33,70.56,70.56,71.22,71.72,70.91,71.58,71.39,70.57,
27,28,30,31,32,33,34,35,36,37,39,40,41,42,
72.0,72.12,71.78,71.83,70.8,71.2,71.07,71.14,71.08,71.45,71.21,71.52,71.03,70.62,
23,24,25,26,27,28,29,31,32,33,35,36,
72.75,71.28,72.33,71.92999999999999,71.65,72.36,71.34,71.97,72.14999999999999,71.17999999999999,70.36,70.7,
32,34,35,36,37,38,39,40,41,42,43,
72.00999999999999,70.53,70.66,70.21,71.19,71.25,71.68,70.92,71.23,70.52,70.72,
24,25,26,27,28,29,30,31,32,33,
71.89,71.89,71.53999999999999,71.08,71.37,71.5,72.11,71.28999999999999,70.99,70.79,
23,24,25,26,27,28,29,30,31,32,
71.58,70.86,70.85,70.51,70.51,71.19,71.17,71.38,70.68,70.8,
23,26,28,29,30,31,32,33,34,35,36,37,
72.47999999999999,73.07,71.36,72.11,71.33999999999999,70.92999999999999,71.25,72.03,71.81,71.55999999999999,70.39,70.91,
23,24,25,26,27,28,29,30,31,32,33,34,35,
71.47999999999999,71.79,71.01,71.12,72.36,70.61,71.02,71.31,70.84,70.9,70.92,70.65,70.96,
28,29,32,33,34,35,36,37,38,39,40,41,
71.64999999999999,72.55,71.59,71.35,71.07,72.17,72.41,71.13,70.88,71.54,70.84,71.04,
26,28,29,30,31,32,33,34,36,37,38,39,
73.85,72.0,71.09,70.02,70.31,70.57,70.56,71.26,70.78,71.09,70.72,71.06,
22,23,24,25,26,27,28,29,30,31,32,33,
72.01,71.22,71.28,70.94,71.15,70.88,71.41,70.8,70.49,71.05,70.75,71.17,
30,31,32,33,34,35,36,37,38,39,40,
72.8,70.69,70.5,70.19,70.66,71.15,70.98,71.08,71.39,70.85,71.18,
30,31,32,33,34,35,36,37,38,39,
72.16,72.58,70.6,71.16,71.0,72.08,70.83,70.8,71.89,71.23,
24,25,26,27,28,29,30,31,32,33,34,35,
71.22,71.4,72.18,71.14,71.65,71.02,70.80999999999999,71.57,71.04,70.73,71.1,71.31,
19,20,21,22,23,24,25,26,27,28,29,
71.12,69.6,70.57,71.07,70.56,70.24,71.45,70.45,70.6,70.62,71.54,
22,23,24,25,26,27,28,29,30,34,36,37,38,
71.00999999999999,70.76,70.45,70.37,69.6,70.24,69.9,69.58,70.6,72.1,73.73,72.13,71.59,
29,30,31,32,33,34,35,36,37,38,39,40,41,42,
71.32,70.23,71.28,69.64,70.46,70.65,70.44,71.03,72.0,70.79,71.25,71.17,71.13,71.62,
25,26,28,29,30,31,32,33,34,35,36,
73.7,73.32,72.77,71.28,70.53,71.23,71.5,71.32,71.71,70.72,71.64,
27,28,29,30,31,32,33,34,35,36,37,38,39,
71.78,71.1,70.42,70.06,70.79,69.89,70.71,71.8,70.76,71.16,70.68,70.63,71.77,
27,28,29,30,31,32,33,34,35,37,38,39,40,41,
72.16999999999999,72.22,71.55,72.16999999999999,73.24,72.02,72.86,70.88,71.54,71.24,71.22,72.53,70.75,72.07,
29,32,33,34,35,37,38,39,40,41,42,43,44,
73.03,72.57,72.36999999999999,72.36999999999999,72.47999999999999,72.18,72.14,71.44999999999999,72.02,70.52,71.61,71.83999999999999,72.22,
28,29,30,31,32,33,34,35,36,37,38,40,41,42,
72.66,72.07,71.91,72.13,72.1,71.42,72.02,71.89,72.86,72.14999999999999,73.03999999999999,73.46,71.6,72.48,
21,22,23,24,25,26,27,28,29,30,31,33,
69.75,70.1,69.56,68.17,68.87,69.0,69.38,69.68,69.11,68.73,69.1,68.84,
25,26,27,28,29,30,31,32,33,34,35,36,37,
71.22,71.28,71.33,70.99,70.75,71.2,70.6,70.45,70.54,70.77,71.75,71.48,70.17,
31,32,33,34,35,36,37,38,39,40,
72.39999999999999,71.36999999999999,70.48,70.98,71.45,71.4,70.78999999999999,70.93,70.6,71.28999999999999,
28,29,30,31,32,33,34,35,36,38,
71.63,72.02,71.72999999999999,72.18,71.25,72.14,71.45,71.86,71.08,70.62,
28,29,30,31,32,33,34,35,36,37,38,
72.33,71.96,71.09,70.56,71.75,71.99,72.32,71.54,71.57,71.39,70.83,
24,27,28,29,30,31,32,33,34,35,38,39,
71.51,71.24,70.55,70.46,70.6,71.01,70.77,71.49,71.14,71.25,71.14,71.32,
28,29,30,32,33,37,39,41,42,43,44,45,46,
71.53,71.43,73.1,71.28,71.45,71.88,70.59,70.32,70.24,71.24,70.83,71.22,71.33,
23,25,26,27,28,29,30,31,32,33,34,35,
71.83,72.03999999999999,71.49,71.64,71.66,72.19999999999999,69.99,72.2,71.02,71.03,71.4,71.25,
28,29,30,31,32,33,34,35,36,37,38,39,40,41,42,
73.33999999999999,72.14,71.99,72.85,71.6,72.05,71.07,70.64,70.81,71.15,71.05,71.16,70.96,71.51,70.71,
23,25,26,27,28,29,30,31,32,33,34,35,36,
73.05,72.0,72.44999999999999,72.19999999999999,71.44999999999999,71.41,70.83999999999999,70.67,71.47999999999999,71.68,71.32,71.63,71.72999999999999,
23,24,25,26,27,28,29,30,31,32,33,35,36,
73.63,71.6,72.49,72.22999999999999,71.11,71.4,71.28,70.88,71.31,71.57,72.02,71.88,72.25,
30,31,32,34,35,36,37,38,39,40,41,
73.58999999999999,72.80999999999999,72.03,71.75,72.63,72.27,71.83999999999999,71.61999999999999,72.07,72.12,71.94999999999999,
24,25,26,28,29,30,31,32,33,34,35,37,
72.11999999999999,72.62,72.28,72.92999999999999,71.97,72.25,71.89999999999999,71.72999999999999,71.61,71.63,71.29,70.56,
23,27,28,30,34,35,36,37,38,39,40,43,44,45,46,
73.16,72.27,73.08,72.66,71.73,72.16999999999999,71.17999999999999,70.68,70.63,70.63,71.23,71.38,70.92,71.66999999999999,71.05999999999999,
25,26,27,28,29,30,31,32,33,37,38,39,40,
72.28999999999999,72.22999999999999,72.74,72.87,71.78999999999999,72.07,71.35,71.68,73.07,71.69,71.13,71.05,72.24,
25,26,27,28,29,30,31,32,33,34,35,36,37,38,40,
71.86,71.68,71.29,71.09,70.71,70.7,70.14,71.08,71.08,71.12,71.52,70.47,71.32,71.22,71.17999999999999,
24,26,27,29,30,31,32,34,35,36,37,
72.23,71.39999999999999,71.97,71.89999999999999,71.11999999999999,71.92999999999999,72.08999999999999,71.86999999999999,71.24,71.39999999999999,72.28999999999999,
23,24,25,26,27,28,30,31,32,33,34,
71.22,71.11,71.2,71.31,71.8,72.53,72.64,71.33,71.25,71.61,71.36,
28,29,30,31,32,33,34,35,36,37,38,39,40,41,42,
71.68,70.92,70.29,70.24,70.77,71.47,70.34,70.02,71.42,71.12,70.16,71.09,70.64,70.7,71.25,
23,24,25,26,27,28,29,30,31,33,34,35,36,37,38,
71.44999999999999,71.02,72.27,72.30999999999999,71.33999999999999,70.81,70.94,72.5,71.46,71.88,70.92999999999999,71.94,71.64,71.64,71.88,
24,25,26,27,28,29,30,31,32,34,35,37,
72.25999999999999,72.25999999999999,72.25999999999999,71.11999999999999,71.92,71.71,70.42999999999999,70.77,71.79,71.48,71.85,71.92999999999999,
25,26,27,28,29,30,31,32,33,34,36,37,
71.93,71.82,70.96,70.79,71.03,70.74,70.81,71.29,71.22,71.25,70.92999999999999,71.49,
27,30,31,32,33,34,35,36,37,38,39,40,
73.41,71.97,71.52,71.25,70.96,70.99,72.23,72.58999999999999,71.78,71.66,72.91,72.71,
26,27,28,29,30,31,32,33,34,35,36,37,38,
72.67999999999999,71.85,73.16,71.11,71.17,71.59,71.0,71.77,71.65,72.13,71.81,72.63,72.19,
26,27,28,29,30,31,32,33,34,35,36,37,
71.75999999999999,71.3,70.58,70.85,70.89,70.85,70.51,70.68,70.73,70.64,71.58,70.96,
27,28,29,31,43,44,45,46,47,48,
71.46,70.19,70.52,71.73,69.8,71.48,71.73,71.22,71.09,71.13,
25,26,27,28,29,30,31,32,33,34,35,36,37,38,
71.69999999999999,72.65,70.25,71.64,72.38,70.96,70.44,70.72,71.75,71.3,71.33,71.37,72.07,71.44,
24,25,26,27,28,29,30,31,32,33,36,
71.2,70.89,71.37,71.13,71.15,71.76,71.35,71.42,71.56,71.55,72.33,
24,25,26,28,29,30,31,32,33,34,35,36,
72.36,71.8,71.82,71.44,71.53,71.18,70.62,71.07,70.99,72.42999999999999,73.53999999999999,71.82,
25,26,27,28,29,30,31,32,33,34,35,36,38,
72.46,72.11,71.18,71.57,71.63,70.98,71.95,70.94,71.4,71.69999999999999,71.0,71.89,71.99,
28,34,36,37,38,39,40,41,42,43,44,45,48,
72.59,71.55,71.14,71.34,71.73,70.88,70.84,70.63,71.12,70.95,71.0,72.0,72.17999999999999,
24,25,26,27,28,29,30,31,32,33,
72.34,72.11,71.47999999999999,71.61999999999999,71.16,71.94999999999999,71.72,71.25999999999999,71.19,70.33999999999999,
26,27,28,29,30,31,32,33,34,35,36,37,39,40,
74.72999999999999,75.36999999999999,73.36,71.64999999999999,71.99,71.00999999999999,71.54,71.39999999999999,71.0,70.68,70.2,71.39,71.53,72.1,
24,25,26,27,28,29,30,31,32,33,34,35,36,37,38,
71.89,72.66,71.02,71.98,71.19999999999999,71.45,71.18,70.56,72.07,71.87,71.42999999999999,70.64999999999999,71.83,71.3,72.08,
28,29,31,32,34,35,36,39,40,41,42,43,44,45,
71.56,71.88,71.86,72.30999999999999,71.57,71.62,71.75,71.66999999999999,71.39,71.88,72.6,71.42999999999999,71.92,72.13,
29,30,31,32,33,34,35,36,37,38,39,
71.9,71.86,72.11,71.54,71.28,72.13,72.61,71.66,72.04,71.74,73.24,
31,32,34,35,36,37,38,39,41,42,
71.38,71.79,71.64999999999999,71.07,71.01,71.79,71.12,71.16,71.1,72.41,
27,28,29,30,31,32,33,34,35,36,37,38,39,40,41,
74.5,73.57,72.87,73.02,72.00999999999999,72.71,72.58999999999999,72.39,71.46,72.66,71.72999999999999,72.99,71.83999999999999,71.77,72.59,
28,29,30,31,32,33,34,35,36,37,
72.80999999999999,72.66999999999999,71.58999999999999,72.83999999999999,71.68,71.13,71.72,71.92,71.75,72.89,
28,29,30,31,32,33,34,35,36,37,38,39,
71.89999999999999,71.77,71.36,72.27,72.83999999999999,70.97,72.07,70.97,71.27,71.92999999999999,72.14,71.88,
23,24,25,26,27,29,30,31,32,33,34,35,38,39,40,
72.25,71.91999999999999,71.58,72.33,72.05,70.89999999999999,72.16,71.73,71.01,70.68,71.93,71.35,71.53999999999999,74.11,72.89,
24,25,26,27,28,30,31,32,33,34,35,37,
71.19999999999999,72.43,71.72999999999999,72.07,71.75,72.33999999999999,70.8,70.37,70.77,71.37,72.3,72.44999999999999,
25,26,27,28,31,32,33,35,36,37,38,39,
71.99,71.39,71.23,71.67,72.08999999999999,72.03,71.41999999999999,70.8,72.09,72.41999999999999,72.89999999999999,73.61999999999999,
26,27,28,29,30,31,32,33,34,35,37,
71.44,71.19,71.17,71.04,70.9,71.21,71.63,71.03,70.71,70.97,72.14,
30,31,32,33,34,35,36,37,38,39,
71.71,71.52,71.5,71.41999999999999,72.29,71.94999999999999,73.08,73.14999999999999,73.28,72.41,
24,25,26,27,28,29,30,31,32,33,
71.89,71.84,71.72,71.88,71.44999999999999,70.66,71.54,71.57,70.84,73.1,
28,29,30,31,32,33,34,35,36,37,38,39,40,42,
73.24,72.08999999999999,71.93,71.26,72.0,71.58,70.92,71.09,71.47,71.22,71.7,70.95,71.11,71.89999999999999,
25,26,27,28,29,30,31,32,33,34,
72.17999999999999,71.89,71.21,72.15,71.11999999999999,70.95,71.73,72.5,71.80999999999999,71.67,
26,27,28,29,30,31,32,33,35,39,40,
71.86,71.41999999999999,71.52,71.78,71.45,71.26,71.26,71.89,72.78999999999999,72.13,71.66999999999999,
24,25,26,27,28,29,30,31,32,33,34,35,
72.00999999999999,71.59,71.69,71.66,71.63,70.89,72.09,71.52,72.39,71.47999999999999,72.3,73.52,
22,23,24,25,26,27,30,35,37,38,
71.89,72.1,71.86999999999999,71.37,71.58,72.69,70.58,72.52,73.05,73.05,
24,26,27,28,29,30,31,32,33,34,35,
73.11999999999999,72.05999999999999,71.19999999999999,71.38,72.08999999999999,72.39999999999999,71.86,71.47,70.77,71.14,71.78999999999999,
25,27,28,29,30,31,32,33,34,35,36,37,38,39,
72.23,71.80999999999999,71.82,71.62,71.48,71.67,71.4,71.87,71.24,70.7,71.87,70.84,71.18,71.2,
25,26,28,29,30,31,32,33,34,35,36,37,
72.77,73.04,71.64999999999999,71.08,72.65,71.41,72.26,71.83,71.14,71.72,72.44999999999999,72.64999999999999,
26,27,28,29,30,31,32,33,34,35,36,37,38,40,
72.74,72.75,71.88,71.56,70.63,71.64,71.49,72.06,71.41,71.01,71.17,72.28,72.83,73.99,
24,25,26,27,28,29,30,31,32,33,34,35,40,42,43,
72.62,72.67,72.01,72.15,70.93,72.05,72.03,71.3,71.75,71.15,71.85,71.92,71.97999999999999,71.16,72.49,
26,32,33,34,35,36,37,38,39,41,42,43,44,45,46,
73.77,71.39,71.88,71.27,71.43,70.52,71.16,72.54,71.61999999999999,73.00999999999999,71.85,71.97,72.42999999999999,72.13,71.08,
30,31,32,33,34,35,36,37,38,39,40,41,42,43,44,
71.82,71.33,71.93,71.21,71.11,71.24,72.24,72.55,71.13,71.42,72.39,72.12,71.95,71.18,72.59,
23,24,25,26,27,28,29,30,31,32,33,
72.61999999999999,71.71,71.97,71.28,71.68,71.86,71.76,71.35,71.3,72.15,71.02,
27,28,29,30,31,32,33,34,35,36,40,41,
71.52,72.04,71.64,72.34,70.91,70.45,70.75,71.33,72.86,71.68,71.94,72.32,
24,25,26,27,28,29,30,31,32,33,34,35,37,
72.86,72.84,73.07,71.03999999999999,71.61,70.75,71.9,72.17999999999999,71.44999999999999,72.05,71.13,72.59,71.58999999999999,
29,30,31,32,34,35,36,37,38,39,
73.25999999999999,73.41,72.89999999999999,72.61,72.53,71.94999999999999,71.97,72.11,71.97999999999999,73.25,
24,25,26,27,28,29,30,31,32,33,34,38,
72.91,70.71,71.52,71.46,70.87,73.52,71.33,71.83,71.38,72.16,71.46,72.6,
26,27,28,29,30,31,33,34,35,36,37,38,39,
72.50999999999999,72.96,71.46,71.94999999999999,71.83999999999999,72.57,71.91,71.4,72.12,71.52,71.88,72.35,73.44999999999999,
28,30,31,33,37,38,39,40,42,43,44,45,
72.95,72.41999999999999,72.75,72.18,70.94,71.23,72.24,71.78,71.86,72.27,72.55999999999999,72.25999999999999,
25,26,27,28,29,30,31,32,33,34,35,36,37,38,39,
72.50999999999999,72.33999999999999,71.27,71.94,72.01,71.37,71.06,71.12,71.5,71.57,71.88,71.42999999999999,71.46,71.69999999999999,71.88,
26,27,29,31,32,33,34,37,38,39,40,41,42,43,49,
72.67,72.09,71.3,71.62,71.92999999999999,72.48,71.71,70.8,71.53,71.86,71.92,72.08,72.36,72.16,73.47999999999999,
28,29,30,31,32,34,35,36,37,38,39,43,
72.04,72.39,71.5,71.56,72.32,71.96,71.6,71.35,71.21,71.42,71.92,73.08,
25,26,27,28,29,30,31,32,33,34,35,36,37,38,
71.9,70.97,72.07,71.94,71.0,71.26,71.14,72.14,71.53999999999999,71.2,72.08,72.39999999999999,71.71,72.30999999999999,
28,29,30,31,32,33,34,36,37,39,40,
72.05,72.91,73.32,71.78,72.02,72.37,71.91999999999999,71.97999999999999,72.05999999999999,73.39,73.27,
24,25,26,27,28,29,30,31,32,33,34,35,37,
71.22,70.97,71.06,70.84,71.37,71.33,71.63,71.15,71.35,70.92,71.7,72.87,72.78999999999999,
27,28,29,30,31,32,33,34,35,36,37,38,39,40,41,
72.39,72.22,71.8,72.28,72.17,71.4,71.49,71.13,72.01,72.69,71.62,71.29,71.02,72.24,71.46,
22,24,25,26,27,28,29,30,31,32,33,34,35,36,37,
72.91,72.21,72.56,70.58,70.59,71.61,70.79,70.44,71.33,71.06,70.81,71.38,71.91,72.04,72.15,
23,24,26,27,28,29,30,31,32,33,
72.19,71.88,70.85,70.99,71.95,71.78999999999999,71.19,71.2,72.31,73.39,
25,26,27,28,29,30,31,32,33,34,35,39,43,44,45,
73.28,72.08,72.8,72.83,72.33,71.91,71.83,72.0,71.69,72.4,71.55999999999999,73.11999999999999,70.8,71.42999999999999,72.11999999999999,
24,25,26,27,28,29,30,31,32,33,34,
72.72,72.32,71.72,71.66999999999999,71.47999999999999,72.13,71.67999999999999,72.03,71.73,73.14,71.82,
25,26,27,28,29,30,31,39,40,41,42,43,
70.75,71.1,71.89,71.7,72.21,71.1,72.09,71.21,71.17,71.4,70.81,71.09,
32,33,34,35,43,44,45,46,48,49,
72.0,72.14,72.2,73.26,70.7,71.28,71.61,71.25,70.48,71.32,
37,38,39,40,41,42,43,44,45,47,48,
72.94999999999999,73.3,72.46,71.57,72.57,72.21,71.22999999999999,70.91999999999999,71.86,71.83999999999999,72.24,
25,26,27,28,29,30,31,32,33,35,
73.63,71.95,71.06,71.85,71.89,71.54,71.78,71.21,72.05,72.35,
29,31,32,33,34,35,36,37,39,40,41,42,43,
72.49,71.99,71.86,71.39,71.61,72.61999999999999,71.93,72.09,71.91999999999999,71.11999999999999,72.89999999999999,71.83999999999999,72.5,
34,35,36,37,38,39,42,43,44,45,46,48,
71.25999999999999,71.58,71.75,71.11,71.68,72.1,72.35,71.86999999999999,72.05,72.16999999999999,72.66999999999999,72.69999999999999,
28,29,30,31,32,33,34,35,36,37,38,39,40,41,
73.0,71.59,71.25,71.14,71.64,71.94,72.78,71.42999999999999,72.4,72.61,72.67999999999999,71.55999999999999,72.72999999999999,72.05,
35,36,37,38,39,40,41,43,44,45,46,47,48,
72.08,72.16999999999999,72.59,72.36999999999999,71.61,72.64999999999999,72.41999999999999,72.42999999999999,70.89,72.05999999999999,72.32,72.47,71.58999999999999,
24,25,26,27,28,30,31,32,33,34,
71.23,70.93,71.3,71.76,71.2,74.7,72.2,71.94,71.84,72.66,
29,30,31,33,34,35,36,37,38,39,40,
71.75,72.07,72.35,72.75,71.85,72.30999999999999,71.78,72.24,71.72999999999999,73.28,74.91999999999999,
26,27,28,29,30,31,32,33,34,35,36,37,39,42,44,
70.73,70.82,70.99,71.44,70.93,71.28,70.56,72.56,72.75,72.11,72.28,71.25,73.36,72.28,72.79,
28,29,30,31,32,33,34,35,36,37,38,39,40,41,
70.84,71.25,70.22,70.67,70.65,70.58,70.3,70.71,70.4,69.48,69.33,69.88,70.61,70.41,
26,27,30,31,32,33,34,35,36,37,39,40,41,42,
71.22,72.11,71.26,70.9,70.9,71.19,71.3,71.43,71.3,70.93,72.8,72.03999999999999,71.99,71.91999999999999,
25,26,27,28,29,33,34,35,36,37,38,39,40,41,42,
71.99,71.72,72.51,71.8,72.45,71.24,71.03,72.11,71.75,71.04,71.43,70.72,70.85,71.3,71.23,
32,33,34,35,36,37,38,39,40,41,45,46,47,48,49,
71.28,71.31,71.09,72.05,71.98,71.42,71.96,71.14,70.97,71.76,72.02,72.67,72.38,70.42,72.44,
32,33,34,39,40,42,43,44,45,46,49,
73.47,72.68,72.38,71.29,72.37,71.87,71.43,71.35,71.68,71.71,72.72,
23,24,25,26,27,28,29,30,31,33,
71.37,71.73,72.08,71.91,71.39,71.94,71.47,72.08,72.92,72.42999999999999,
24,25,26,27,28,29,30,31,32,33,35,36,37,40,
71.71,71.59,71.72,71.67,71.05,70.94,70.57,70.25,70.7,71.52,70.15,70.93,71.68,71.29,
24,25,26,27,28,29,30,31,32,33,34,35,39,
72.33,72.1,72.02,70.85,71.99,71.86,70.89,71.34,71.02,71.18,71.18,71.76,75.13,
27,28,30,31,32,33,34,35,36,38,
71.12,72.43,71.22,71.39,71.64,71.45,71.57,72.92,71.64,71.8,
25,26,27,28,29,30,31,32,33,34,35,36,
72.7,72.17,71.8,71.06,71.17,71.27,70.79,71.43,72.32,71.87,71.77,72.01,
24,25,26,27,28,29,30,31,33,34,
71.68,72.49,70.98,71.95,71.51,71.24,71.65,72.17,72.28,72.1,
30,31,32,33,34,35,36,37,39,40,41,42,43,44,46,
71.9,72.21,72.03,71.97,71.64,71.28,71.48,73.05,71.77,71.93,71.69,72.29,71.84,71.49,73.09,
27,28,29,30,31,32,33,34,36,39,42,
72.6,72.46,71.85,70.73,71.87,71.89,72.12,72.42,72.73,71.6,73.91,
25,26,27,28,31,32,33,34,35,36,37,38,39,43,
71.69,71.94,73.64,73.26,71.84,71.3,70.78,71.59,70.68,70.68,71.54,71.54,71.81,73.02,
30,33,34,35,36,39,40,41,42,44,
72.2,72.14,72.04,73.0,72.3,71.82,70.92,71.0,72.12,71.85,
35,36,37,38,39,40,41,43,44,45,46,47,48,
72.35,72.22999999999999,72.49,73.0,72.66999999999999,72.11999999999999,72.12,72.08999999999999,71.97999999999999,71.99,71.83,72.14999999999999,73.41999999999999,
34,35,36,37,38,39,40,41,42,43,44,45,46,47,48,
71.07,71.29,71.39,70.82,71.57,71.57,72.45,71.16,71.31,71.54,70.9,71.05,71.46,70.66,70.49,
27,28,29,30,31,32,33,34,35,37,40,45,
72.71,70.94,70.53,70.55,71.99,70.84,71.41,71.49,71.46,71.17999999999999,73.42999999999999,73.46,
34,35,36,37,38,39,40,41,42,44,47,
71.85,71.44,71.52,71.66,71.75999999999999,72.54,71.95,71.62,71.68,72.36999999999999,72.1,
27,28,29,30,31,32,33,34,36,37,38,
72.12,71.64,73.08,71.25999999999999,72.21,71.63,72.85,72.89999999999999,72.58,73.3,72.21,
29,30,31,32,33,34,35,36,37,38,
72.68,73.17,72.37,71.73,72.25,71.7,71.39,70.92,71.63,72.38,
27,28,29,30,31,32,33,34,35,40,41,
71.1,72.17,72.83,73.28,71.33,71.2,72.63,72.06,72.23,70.83,72.71,
24,25,28,29,30,31,32,33,35,36,37,38,39,40,
73.79,71.33,73.42,73.0,71.9,72.80999999999999,71.58,73.78,71.89999999999999,73.3,72.77,73.44999999999999,73.52,72.94999999999999,
28,29,30,31,32,33,34,35,36,37,38,39,40,41,
72.08,71.73,71.97,71.81,71.61,70.84,71.35,71.26,71.2,71.18,72.71,72.11,71.25,71.22,
20,21,22,23,24,25,26,27,28,29,30,32,
70.77,71.09,72.33,72.89,71.74,72.11,71.78,71.92,71.7,72.14,71.6,71.48,
23,25,27,31,32,33,34,35,36,37,38,
73.31,72.38,72.27,71.43,70.99,72.31,71.0,71.58,71.69,71.75,73.75,
27,28,29,30,31,32,33,34,35,36,37,38,40,
71.74,71.57,72.13,71.38,71.73,71.75,72.0,71.89,71.52,71.01,71.26,71.22,71.8,
21,22,23,24,25,26,27,28,29,30,31,32,
72.03,72.53,72.04,71.56,71.11,71.39,71.13,71.71,71.2,71.77,71.35,71.88,
33,34,35,36,37,38,39,40,41,42,43,45,46,
71.69,71.79,72.15,72.77,71.27,71.71,72.7,72.59,72.14,71.64,72.41,72.8,72.63,
27,28,29,30,31,32,33,34,35,36,37,38,39,40,
71.48,71.83,71.42,72.44,72.49,71.85,71.71,71.71,71.56,71.44,71.65,71.34,71.48,72.9,
37,38,39,40,41,42,43,44,45,46,47,48,49,
71.53,70.2,70.71,70.61,71.78,70.53,70.66,71.46,71.18,72.24,72.41,70.58,70.08,
30,31,32,33,34,35,36,37,39,40,42,
71.41,71.65,72.35,71.13,72.81,71.91,72.35,72.4,71.2,73.18,71.09,
33,34,35,36,37,38,39,40,41,43,44,45,46,47,48,
72.15,72.03,72.35,72.4,72.83,72.28,72.5,71.26,72.65,73.11,71.72,71.86,72.72,72.21,72.22,
32,33,34,35,36,37,38,39,40,41,42,43,44,
71.34,71.77,71.55,72.41,72.94,72.27,72.0,71.89,71.83,71.69,72.4,71.2,72.45,
27,28,29,30,31,32,33,34,35,48,
73.18,72.72,71.46,71.84,71.35,71.06,71.7,70.58,72.9,73.57,
25,26,32,33,34,35,36,37,38,39,40,41,42,43,
73.69999999999999,73.3,72.83,72.53999999999999,72.25999999999999,71.42999999999999,71.91999999999999,71.64999999999999,72.08,71.67999999999999,72.16,72.36999999999999,71.44,71.61999999999999,
23,26,27,28,29,30,31,32,33,34,35,
72.79,73.12,72.9,72.02,72.34,71.82,71.57,71.5,71.45,71.97,73.44,
30,31,32,33,34,35,36,37,39,44,
71.81,71.64,71.88,71.89,72.00999999999999,71.61,72.50999999999999,72.22,72.8,72.63,
30,31,32,33,34,35,36,37,38,39,40,41,
72.25,71.95,72.34,72.17,72.76,72.27,71.61,71.95,72.01,71.61,72.32,71.69,
25,26,27,28,29,30,31,32,33,34,35,36,
72.63,73.1,71.6,71.74,72.42,71.71,71.45,72.3,72.13,70.9,72.09,71.75,
22,23,24,25,26,27,28,29,30,31,32,33,34,35,36,
71.82,72.08,72.66,72.00999999999999,72.04,71.91999999999999,72.19999999999999,71.94,72.05999999999999,72.25,72.13,71.94999999999999,72.38,72.47999999999999,72.11,
33,34,35,36,37,38,39,40,41,42,43,44,
72.05,71.67,71.37,71.87,72.4,72.35,71.95,71.22,72.11,71.86,72.02,72.52,
29,30,31,32,33,34,35,36,39,40,
71.65,72.18,72.44,72.25,73.06,71.83,72.42,72.25,72.85,73.23,
30,31,32,33,34,35,36,37,38,39,40,
72.45,71.95,71.56,72.55,72.8,71.88,72.41,72.14,71.85,71.52,71.63,
39,40,41,42,43,44,45,46,47,48,49,
71.43,71.33,71.36,71.65,73.0,71.56,72.01,71.54,71.93,70.93,71.92,
30,31,32,33,34,35,36,37,38,39,40,
71.12,71.47,71.12,72.24,71.24,71.37,72.51,71.5,73.38,73.34,72.1,
27,28,29,30,31,32,33,34,35,36,37,
72.08,72.58,71.96,71.41,71.13,71.2,70.94,72.52,71.49,72.18,72.18,
36,37,38,39,40,41,42,43,44,45,46,
71.83,71.98,71.58,72.5,74.41,73.6,72.44,72.22,71.59,72.29,72.24,
36,37,38,39,40,41,42,43,44,45,46,
71.13,71.35,70.33,70.62,70.56,70.56,70.51,71.69,71.01,72.45,72.78,
29,30,31,32,33,34,35,36,38,43,44,
71.97,72.54,71.82,71.34,71.79,72.7,72.57,72.02,72.11,72.55999999999999,72.78,
25,26,27,28,29,30,31,32,33,35,36,37,38,
72.31,71.61,72.22,71.76,71.96,71.54,72.3,71.26,71.04,71.94,73.22,72.05,71.47999999999999,
28,29,30,31,32,33,34,35,36,37,
71.80999999999999,71.78,71.57,71.83999999999999,72.05999999999999,72.47,73.30999999999999,71.52,72.74,71.64999999999999,
36,37,38,39,40,41,42,44,45,46,47,48,49,50,
72.19999999999999,71.83999999999999,74.27,72.30999999999999,72.24,73.55999999999999,72.82,72.33,72.22999999999999,72.17999999999999,71.69999999999999,71.75,71.75,72.88,
