23,26,27,28,29,30,31,32,33,34,35,36,37,38,39,40,41,42,
72.42999999999999,70.67,70.57,70.76,71.76,70.38,71.35,71.93,70.54,71.13,71.59,71.45,70.76,69.55,70.19,70.83,69.51,69.78,
 ,28,25,42,131,9,71,171,63,119,149,139,48,3,4,44,2,3,
 ,50,40,4,130,13,64,113,30,88,189,151,162,34,4,23,2,5,
26,29,30,31,32,33,34,35,36,37,38,39,40,41,42,43,44,45,
73.11,72.5,71.5,70.97999999999999,71.23,71.3,72.05,70.48,70.31,71.01,70.41,70.4,71.01,70.75,71.76,71.24,70.72,69.81,
 , , , ,82,95,142,39,41,103,35,17,82,37,159,106,85,5,
 , , , ,100,43,157,76,14,137,66,81,73,13,129,129,182,124,
24,25,26,27,28,29,30,31,32,33,34,36,37,38,39,41,42,43,44,45,46,47,
71.67,71.07,70.94,70.9,70.97,69.94,70.31,71.42,70.25,70.77,71.08,71.74,71.6,71.02,71.19,71.36,70.64,70.86,71.0,70.67,70.77,70.03,
88,59,34,13,69,3,8,91,5,43,64,118,141,110,128,132,35,57,62,30,92,11,
118,79,61,18,25,12,17,62,5,42,8,35,154,117,59,179,54,181,111,85,183,99,
26,27,30,31,32,33,34,35,36,37,38,39,40,41,42,43,44,45,
72.80999999999999,72.91,71.21,71.58,70.91,70.98,70.8,70.32,70.1,71.18,70.66,71.05,70.7,70.68,71.16,70.22,70.72,70.16,
 , , ,128,44,58,17,17,30,127,66,86,42,29,88,4,85,23,
 , , ,135,52,66,63,66,32,36,67,85,101,115,67,18,73,118,
22,24,25,26,27,28,29,30,31,32,33,34,35,36,37,38,39,40,41,42,
73.28999999999999,71.62,72.52,71.93,71.13,71.13,71.02,70.88,70.83,70.38,69.71,69.64,70.22,70.62,70.05,70.57,70.88,71.13,69.74,70.18,
 ,127,165,144, ,66,57,44,21,27,16,2,22,32,7,20,42,91,3,24,
 ,101,123,164, ,105,49,44,10,15,3,4,8,22,5,11,32,131,14,49,
22,23,24,25,26,27,28,29,30,31,32,34,35,36,37,38,39,
71.80999999999999,71.15,70.81,70.83,70.09,69.98,70.75,70.36,69.65,70.15,69.28,69.68,69.45,70.21,70.56,70.02,70.23,
 ,63,45,46,5,2,15,23,12,17,2,3,2,5,18,8,29,
 ,78,33,26,4,3,12,17,13,14,4,4,2,7,12,7,2,
22,23,24,25,26,27,28,29,30,31,32,33,34,35,36,37,38,39,
71.64,69.86,71.17,70.29,70.41,71.19,71.06,69.35,69.16,69.71,70.64,69.63,69.86,70.07,70.39,70.28,70.83,70.34,
99,4,82,7,13,77,38,2,3,4,62,3,4,8,10,7,101,39,
22,15,28,2,11,6,14,2,2,2,38,3,3,6,2,3,3,6,
22,24,25,26,28,29,30,31,32,33,34,35,36,37,38,39,40,41,
72.91,71.55999999999999,71.51,72.19,71.27,71.31,71.48,70.41,69.7,70.03,70.02,70.53,70.77,71.04,72.1,71.7,70.63,70.36,
 , ,101,174, ,97,91,32,15,12,11,25,51,84,181,162,63,44,
 , ,85,174, ,111,62,19,12,11,18,12,7,53,107,146,135,165,
26,28,29,30,35,36,37,38,39,40,41,42,43,44,45,46,47,48,49,50,
72.64,71.81,71.06,72.78,71.75999999999999,71.74,71.52,71.03,71.4,71.21,70.83,71.24,70.59,70.85,70.95,70.65,71.29,70.54,70.99,70.43,
148,121,48,176, , ,115,61,77,108,91,133,57,63,73,25,114,17,115,52,
148,150,142,212, , ,127,55,65,127,39,104,57,47,49,25,109,80,140,139,
25,26,27,33,34,35,36,37,38,39,40,41,42,43,44,45,
71.94,72.1,72.38,71.25,70.42,70.63,70.45,70.68,70.02,70.08,71.22,70.79,71.17,70.67,70.52,70.51,
 , , ,90,5,48,56,67,11,8,115,41,91,30,47,67,
 , , ,83,84,63,89,46,72,8,83,26,31,27,37,107,
26,27,28,29,30,31,32,33,34,35,36,37,38,39,40,41,42,44,
72.16,72.30999999999999,72.16,71.98,71.83999999999999,71.48,71.55,71.59,71.11,71.22,70.88,70.87,71.55,71.13,71.24,71.18,72.09,70.52,
152, , ,158, ,109,120,105,94,134,89,89,149,102,112,93,190,70,
155, , ,153, ,135,51,89,57,82,66,112,174,138,122,114,176,113,
22,23,24,25,26,27,28,29,30,31,32,33,34,35,36,37,
70.45,70.67,70.44,70.7,70.42,70.43,70.43,69.91,70.29,70.75,70.53,71.28,71.05,70.41,70.17,70.61,
12,34,15,27,5,35,52,7,24,46,23,117,70,11,15,80,
22,11,5,8,8,14,25,8,17,42,12,109,33,10,30,87,
29,30,31,32,33,34,35,36,37,38,39,40,41,42,43,44,45,
71.83999999999999,70.95,70.68,72.44,70.46,71.23,71.27,71.49,71.67,70.62,70.98,70.94,71.11,70.84,71.1,70.68,70.67,
 ,59,36,179, ,54,113,154,169,60,73,68,98,36,89,77,88,
 ,24,32,180, ,121,100,125,156,44,45,64,78,15,33,82,129,
22,26,27,28,29,30,31,32,33,34,35,36,37,38,39,40,
74.33999999999999,71.61999999999999,71.42,71.23,71.62,71.08,70.14,71.55,70.58,71.12,70.85,70.31,72.03,71.28,70.83,70.69,
 , ,103,84,106,90,34,158,54,96,59,11,178,114,101,93,
 , ,128,127,152,150,56,140,82,97,80,20,130,120,62,158,
30,31,32,33,34,35,36,37,38,39,40,41,42,43,44,45,46,
71.43,70.8,70.52,71.16,70.57,70.66,70.32,69.34,69.76,69.11,69.19,69.59,70.21,70.39,70.27,71.13,70.69,
92,43,23,73,24,12,17,4,5,1,1,2,9,10,6,135,93,
52,9,17,16,2,4,5,4,3,1,1,2,4,3,1,68,66,
22,23,24,25,26,27,28,29,30,31,32,33,34,35,36,37,38,39,40,41,42,43,
71.45,71.25,71.32,71.43,70.66,69.78,70.52,72.38,69.94,70.52,70.83,71.27,69.55,70.37,70.21,70.65,70.41,70.68,71.14,70.69,70.49,70.75,
92,33,106,108,20,2,19,177,2,19,21,113,6,27,20,37,16,29,86,34,41,102,
102,69,105,80,32,14,41,149,69,28,26,88,9,26,33,74,92,67,117,127,86,132,
26,27,28,29,30,31,32,33,34,35,36,37,38,39,40,41,42,43,
72.13,71.64999999999999,70.78,71.42,71.9,71.71,71.28,70.69,70.34,70.41,70.46,70.23,70.99,70.8,71.08,71.49,70.01,70.8,
 , , ,104,152,132,61,53,44,32,39,12,77,46,74,140,7,109,
 , , ,59,103,87,77,59,35,6,26,17,58,39,36,50,23,79,
25,26,27,28,29,30,31,32,33,34,35,36,37,38,39,40,41,42,43,44,45,
71.25,70.4,70.65,70.91,71.28,71.19,70.83,70.45,70.85,71.45,70.78,70.66,70.79,70.99,70.82,71.56,71.95,71.97,71.46,70.6,70.81,
33,19,30,38,76,87,46,16,40,82,56,73,80,99,59,151,173,172,137,58,111,
115,72,9,7,35,3,31,24,20,48,62,59,56,64,96,155,146,160,152,99,147,
21,22,23,24,25,26,27,28,29,30,31,32,33,34,35,36,37,38,39,40,41,42,43,44,45,
72.25,71.12,71.46,70.93,71.52,70.64,70.04,70.53,71.03,70.56,70.0,70.13,70.11,70.22,69.89,69.03,70.21,69.78,70.76,70.45,71.11,72.02,71.21,70.66,70.81,
118,36,95,29,63,37,5,16,51,23,4,6,4,3,4,2,20,5,48,19,98,176,100,73,111,
77,33,75,44,20,8,2,12,33,6,7,3,11,3,9,5,21,3,10,13,16,96,48,52,73,
26,27,28,29,30,31,32,33,34,35,36,37,38,39,40,41,42,43,44,45,46,47,48,49,
71.61,71.25,71.18,71.46,71.2,70.98,71.26,70.88,70.53,70.67,71.15,70.38,71.01,69.96,69.6,70.02,70.02,70.51,70.04,70.94,70.6,70.21,70.14,70.88,
84,80,66,54,94,57,60,40,20,34,71,9,34,7,10,11,11,23,6,67,20,3,14,120,
93,85,70,50,44,81,88,26,21,13,90,58,94,52,24,27,6,30,6,104,79,5,5,97,
24,25,26,27,28,29,30,31,32,33,34,35,36,37,38,39,
71.28999999999999,71.32,70.99,71.1,70.83,70.83,70.6,70.59,70.31,71.17,70.36,71.7,71.1,70.66,70.77,70.91,
 ,95,54,72,21,60,67,51,28,106,13,161,78,28,92,122,
 ,39,33,54,22,65,57,67,25,32,28,37,106,94,131,170,
22,23,24,25,26,27,28,29,30,31,32,33,34,35,36,37,38,39,40,41,42,43,
71.53,70.44,71.04,70.82,71.17,71.67,70.48,71.03,71.29,70.93,71.48,71.43,70.01,71.06,70.91,71.8,70.36,71.0,70.69,70.76,71.97,70.97,
104,4,74,41,53,124,16,58,89,54,91,129,23,107,92,165,13,76,24,39,175,127,
116,12,89,79,30,113,2,55,79,16,58,106,29,75,79,140,22,65,44,44,157,142,
22,23,24,25,26,29,30,32,33,34,35,36,37,38,39,40,41,42,43,44,45,
72.38,71.04,72.22,71.89,74.53,70.95,70.41,71.6,70.39,71.52,70.21,69.48,70.22,69.93,70.02,70.23,70.57,70.56,70.84,69.99,71.04,
154,53,163,105,189,44,8,120,11,96,12,5,21,10,7,8,20,18,45,6,136,
173,31,141,47,266,97,55,159,18,82,22,10,50,19,20,16,40,12,77,38,45,
23,24,25,26,27,28,29,30,32,33,34,35,36,37,38,39,40,41,42,44,45,46,47,
72.85,71.81,71.13,71.11,71.95,70.63,71.0,71.11,71.98,70.71,71.05,70.96,71.22,71.01,69.97,70.4,70.65,71.67,71.03,71.19,71.61,71.4,71.08,
157,102,62,55,117,36,60,44,158,39,60,56,53,80,21,31,65,157,85,94,154,159,139,
174,91,92,108,62,15,49,16,155,40,101,78,37,34,36,22,31,176,114,82,74,145,78,
25,26,27,28,29,30,31,32,33,34,35,36,37,38,39,40,41,42,43,44,45,
70.86999999999999,71.12,70.42,70.68,70.63,70.96,70.73,71.02,70.72,70.99,71.18,70.86,71.51,71.26,71.08,71.27,71.65,71.3,71.29,70.92,71.09,
 ,83,24,24,26,62,40,57,29,32,104,94,154,131,91,121,158,117,115,111,140,
 ,68,38,11,9,34,23,26,27,9,39,72,94,86,43,106,60,123,162,128,121,
27,28,29,30,31,32,33,34,35,36,37,38,39,40,41,42,43,44,45,
71.88,72.15,71.25,71.47,71.03,70.94,70.47,70.83,70.63,70.4,70.78,70.48,71.12,71.96,71.1,71.75,71.89999999999999,71.94999999999999,71.14,
 ,144, ,113, ,50,15,21,48,50,79,43,96,178,97, , , ,141,
 ,129, ,164, ,74,32,38,50,67,101,70,64,202,157, , , ,178,
24,25,26,27,28,29,30,31,32,33,34,35,36,37,38,39,40,41,
72.13,72.13,71.67,71.73,71.63,71.2,71.55,71.74,72.03,71.03,71.22999999999999,71.34,70.86,70.81,71.02,71.05,71.28,71.14,
 , ,131,142,121,79,99,152, , , ,128,61,49, ,79, ,141,
 , ,156,122,113,107,99,157, , , ,163,136,134, ,173, ,182,
23,24,25,26,27,28,29,30,31,32,33,34,35,36,37,38,
70.89,71.29,71.27,71.83,71.24,70.32,70.4,70.51,70.53,70.69,70.83,70.87,71.71,70.86,71.95,71.17,
 ,87,86,139,56,17,50,39,49,42,57,59,154,49,174,145,
 ,130,18,40,25,24,55,32,12,13,23,8,45,22,137,38,
23,24,25,26,28,29,30,31,32,33,34,35,36,37,38,39,40,43,
71.66,71.3,71.53,72.66,72.07,72.15,72.16,71.95,72.56,72.82,70.7,71.95,72.68,70.81,71.83,72.82,72.39,71.21,
 ,104,121,171,165,168,170,147,174,193,78,177,186,53,169,193,187,150,
 ,17,37,76,57,121,165,77,158,188,61,112,171,21,42,193,188,193,
26,27,28,29,30,31,32,33,34,35,36,37,38,41,42,43,44,45,
72.75,72.64999999999999,71.84,71.44,71.24,71.81,70.95,70.83,71.21,70.92,71.31,71.38,70.47,71.24,71.8,71.6,71.15,71.35,
 , ,115,93,91,146,51,38,50,68,145,142,42,112,163,152,139,158,
 , ,152,75,129,44,61,82,61,121,132,139,88,97,78,51,53,81,
27,31,32,33,34,35,36,37,38,39,40,41,42,43,44,45,46,47,48,49,
72.04,71.22,71.27,71.17,70.54,71.3,70.57,71.08,71.39,70.14,70.36,70.76,71.2,71.45,71.17,71.22,71.35,71.96,71.25,71.87,
140, ,63,66,22,90,21,67,75,11,45,75,125,139,111,109,122,183,150,181,
157, ,92,12,38,80,44,70,104,31,27,30,77,66,85,80,148,60,165,203,
23,24,25,26,27,28,29,30,31,32,33,34,35,36,37,38,
72.64999999999999,72.22,71.80999999999999,71.33999999999999,72.05999999999999,71.83,71.44,71.25,71.89999999999999,71.42999999999999,71.58,70.74,71.19,71.54,71.0,71.89,
 , , , , ,157, ,135, , , ,36,94,146, ,182,
 , , , , ,176, ,162, , , ,107,143,180, ,208,
21,22,23,26,27,28,29,30,31,32,33,34,35,36,37,38,39,40,41,42,43,44,45,46,47,48,49,
72.84,72.98,72.91,70.83,70.61,70.47,70.99,70.92,71.28,71.2,70.54,70.74,70.5,70.15,70.48,71.57,70.34,70.27,71.37,70.4,71.19,70.76,72.04,71.11,71.86,71.29,72.1,
148,137,132,22,20,6,21,65,95,56,22,38,22,7,16,102,21,40,141,34,109,48,178,80,179,153,185,
135,161,140,10,6,5,7,50,39,21,30,13,29,14,12,59,23,17,53,65,112,25,120,13,133,107,202,
22,23,24,25,26,27,28,29,30,31,32,33,34,35,36,37,38,39,40,41,42,43,44,47,48,
72.36,72.38,72.81,71.42,71.48,71.49,71.9,70.84,71.04,71.15,70.82,70.7,70.33,70.68,71.66,71.67,70.79,70.36,70.88,70.76,71.25,70.94,72.23,72.89,72.71,
94,124,155,68,97,96,107,53,68,51,36,36,9,28,128,112,57,45,89,75,119,68,183,187,191,
82,124,90,90,74,63,81,34,8,55,24,37,8,10,74,68,46,18,31,11,76,45,143,221,220,
26,27,28,29,30,31,32,33,34,35,36,37,40,41,42,43,44,45,
71.99,71.78,71.6,71.65,71.78,71.07,71.63,71.07,71.66,70.61,71.1,71.51,71.44999999999999,71.6,72.85,71.56,72.8,72.73,
 ,139,92,122,141,61,121,66,111,45,119,154, ,152, ,150,186,192,
 ,140,60,69,139,61,139,94,52,81,103,171, ,179, ,90,197,224,
24,25,26,27,28,29,30,31,32,33,34,35,36,37,38,39,40,41,42,43,44,45,46,47,48,49,
71.26,70.49,71.07,71.12,71.17,71.04,70.96,69.82,70.31,70.27,70.29,70.51,70.43,71.89,71.69,71.46,72.11,70.81,71.17,71.06,70.66,70.81,70.91,71.6,70.67,70.52,
25,4,28,36,66,47,19,1,17,7,14,18,16,151,130,83,182,89,126,106,38,55,63,142,30,47,
18,6,19,15,50,82,26,1,5,18,8,4,18,169,155,70,160,111,148,148,89,108,72,151,112,148,
30,31,33,34,35,37,38,39,40,41,42,43,44,45,46,47,48,49,
72.24,71.92,71.79,71.74,71.79,72.00999999999999,72.36999999999999,72.91999999999999,71.11,71.72999999999999,72.14,71.67999999999999,71.07,71.47,71.06,71.12,71.07,70.64,
150,161,113,132,142, , , , , ,184, ,88,144,90,81,84,66,
140,177,73,162,197, , , , , ,197, ,88,130,153,95,106,110,
21,22,23,24,25,26,27,28,29,30,31,32,33,34,35,36,37,38,39,40,41,42,43,44,45,46,48,49,
71.56,71.82,71.4,71.14,71.58,72.36,70.41,70.1,70.42,71.19,70.13,69.71,70.42,69.94,70.83,69.71,70.93,70.56,71.14,70.37,70.82,70.47,70.7,71.46,70.94,71.72,71.22,70.78,
37,67,31,21,54,122,6,3,4,30,4,1,12,7,48,1,48,22,44,26,90,37,68,141,68,162,101,95,
54,54,19,7,38,76,19,21,11,9,3,1,10,23,63,6,55,9,56,47,131,103,34,50,38,110,109,75,
28,29,30,31,32,33,34,35,36,37,38,39,40,41,42,43,
71.0,71.51,70.48,71.79,70.48,71.25,70.85,70.37,70.6,70.39,71.13,71.21,72.47999999999999,71.25,70.61,70.95,
48,120,18,134,16,58,62,47,53,33,101,112, ,104,22,113,
45,91,73,98,15,34,75,71,77,81,138,167, ,163,165,151,
28,29,30,31,32,33,34,35,36,37,38,39,40,41,42,43,44,45,46,47,48,49,
71.06,71.13,71.81,71.9,71.96,72.32,71.25,71.39,72.15,71.27,70.91,71.35,71.35,71.38,71.6,71.02,71.55,71.07,71.48,70.86,70.99,71.02,
57,61,93,156,146,152, ,105,168,86,50,71,121,150,166,103,149,90,136,40,68,120,
66,81,35,140,180,181, ,141,178,131,52,54,122,161,145,76,95,122,170,110,62,143,
27,28,29,30,31,32,33,34,35,36,37,38,39,40,41,42,43,44,46,
71.95,70.98,72.55,71.26,70.4,70.24,70.9,70.66,70.83,70.72,70.22,70.0,70.46,70.44,70.24,71.27,71.55,71.96,71.07,
117,71,164,60,17,3,50,26,38,14,14,22,36,36,13,121,144,171,130,
88,112,85,90,38,29,65,39,59,47,11,38,79,29,38,128,111,173,198,
22,23,24,25,26,27,28,29,30,31,32,33,34,35,36,37,38,39,40,41,42,43,44,45,47,
72.93,72.61,72.14,72.12,70.63,72.09,71.35,70.89,70.45,71.12,70.97,70.8,70.74,71.88,71.82,71.84,71.26,71.09,71.56,71.74,72.51,72.17,72.02,71.62,71.11,
138,133,106,138,21,152,45,58,26,46,45,43,41,149,138,127,112,116,159,161,191,186,176,145,134,
122,141,140,165,36,115,45,11,21,66,31,48,3,108,129,74,90,60,95,167,173,180,190,204,179,
23,24,30,31,32,33,34,35,36,37,38,39,40,41,42,43,44,45,46,47,48,49,
73.22,73.23,71.86999999999999,70.91,70.1,70.61,69.89,70.68,69.96,70.26,70.82,70.83,70.62,69.75,71.0,70.46,69.97,71.07,71.6,71.08,71.98,71.85,
144,159, , ,11,18,6,34,3,10,36,21,46,17,101,39,6,90,152,74,185,170,
182,184, , ,24,33,4,15,1,19,25,24,12,20,74,61,53,46,42,116,142,142,
25,26,27,28,29,30,31,32,33,34,35,36,37,38,39,40,41,42,43,44,45,46,47,48,
71.55,70.45,71.33,70.79,71.36,71.27,71.12,72.28,72.62,71.48,70.3,70.78,70.59,70.31,71.23,71.01,70.08,70.38,70.31,71.27,70.77,71.47,71.25,69.94,
48,6,60,32,83,38,83,158,167,96,6,44,23,8,54,80,28,29,28,124,51,134,104,1,
45,2,47,29,17,23,52,179,109,146,20,35,43,24,43,114,48,55,13,79,69,175,154,132,
26,27,28,29,30,31,32,33,34,35,36,37,38,39,40,41,42,43,44,46,
71.41,72.21,72.51,70.37,70.45,70.71,70.37,71.31,70.95,71.81,70.16,71.2,70.4,70.88,70.0,70.08,71.14,71.13,71.33,70.48,
92,162,167,16,26,25,16,97,52,139,5,48,29,97,10,16,102,102,121,15,
78,68,30,40,26,15,16,64,37,141,10,21,25,100,45,42,90,120,159,153,
22,23,24,25,26,28,29,30,31,32,33,34,35,36,37,39,
71.52,71.38,71.59,72.07,71.59,71.8,71.42,70.97,70.86,70.15,70.9,71.12,71.14,70.54,71.07,70.84,
123,103,90,148,125,135,107,31,65,36,92,115,102,24,91,45,
120,61,52,135,148,60,53,29,43,53,54,144,92,71,112,29,
26,27,28,29,30,31,32,33,35,37,38,39,41,42,43,44,45,46,
72.14999999999999,71.2,71.09,72.09,71.87,70.94,71.23,72.02,70.66,71.23,71.32,70.82,70.77,71.01,71.21,71.42,71.16999999999999,71.07,
 ,94,75,137,138,58,81,165, ,135, ,84,51,78,99,131, , ,
 ,137,123,124,139,71,82,168, ,182, ,107,139,142,145,164, , ,
24,25,26,27,28,29,30,31,32,33,34,35,36,37,39,40,41,42,43,
72.05,71.68,70.92,71.14,71.74,70.95,71.67,71.83,71.29,71.82,72.00999999999999,70.94,71.44999999999999,72.17999999999999,72.05999999999999,72.16999999999999,71.22999999999999,71.44,72.46,
 ,134,48,49,132,59,136,142,94, , ,104, , , , , ,133, ,
 ,141,92,27,79,44,154,144,180, , ,153, , , , , ,214, ,
21,22,23,24,25,26,27,28,29,30,31,32,33,34,35,36,37,38,39,
72.23,71.51,71.33,71.9,71.62,71.72,71.25,71.57,72.13,71.98,71.04,71.81,70.58,70.16,70.92,71.04,71.51,71.73,71.7,
149,121,99,122,117,136,83,119,159,134,86,173,47,18,68,86,140,156,162,
27,59,72,70,44,89,89,86,195,208,145,175,85,43,110,66,151,132,190,
26,27,28,29,30,31,32,33,34,35,36,37,38,39,40,41,
71.64999999999999,71.66,71.97,71.74,72.28,71.69999999999999,71.36999999999999,71.54,71.30999999999999,71.6,71.66,71.78999999999999,71.3,71.78,72.00999999999999,71.08,
 , ,161, , , , ,157, , ,160, , ,168, , ,
 , ,177, , , , ,184, , ,183, , ,218, , ,
30,31,32,33,34,35,36,37,38,39,40,41,42,43,44,45,46,48,
72.19,71.11,71.92,71.1,72.09,71.30999999999999,70.95,71.83,71.48,72.08,70.98,70.33,70.7,70.74,70.78,70.43,71.35,71.81,
 , ,144, ,149, ,52,142,111,147,73,43,71,72,50,17,122,172,
 , ,147, ,154, ,100,94,47,51,98,62,111,130,127,26,114,204,
23,24,25,26,27,28,29,30,31,32,33,34,35,36,37,38,39,40,41,42,43,
71.53,71.69,71.07,70.86,71.71,71.54,71.21,71.52,71.31,70.79,71.25,71.88,71.12,70.76,70.61,70.77,71.25,71.12,71.09,71.75,72.15,
102,122,27,56,131,86,72,122,93,34,90,131,97,84,55,77,119,99,95,157,191,
134,69,64,14,76,40,48,69,46,31,41,118,45,40,42,97,124,65,87,150,193,
24,25,26,27,28,29,30,31,32,33,34,35,36,37,38,40,
72.43,72.54,71.91,72.7,72.85,71.46,72.09,71.91,71.27,70.58,72.71,71.75999999999999,72.27,71.38,72.39,71.19,
164,183,156,188,183,83,180,175,137,54,192, , ,125, , ,
57,161,125,207,234,109,153,170,190,127,184, , ,159, , ,
32,33,34,35,36,37,38,39,40,41,42,43,44,45,46,47,48,49,50,
71.51,71.64,71.13,71.23,71.08,71.17,70.84,70.66,71.09,70.53,70.49,70.65,70.15,69.64,70.3,70.58,70.89,70.9,71.51,
98,75,87,83,43,66,49,33,65,20,7,50,36,2,25,30,63,60,133,
157,91,73,34,56,67,26,21,38,23,16,58,43,13,27,25,11,48,77,
24,25,26,27,28,29,30,31,32,33,34,35,36,37,38,39,40,41,42,43,44,
72.19,71.65,71.08,72.14,70.58,70.33,71.96,71.5,70.47,71.31,71.31,71.06,71.32,70.89,71.53,70.43,70.51,70.49,71.23,71.03,71.55,
141,112,51,138,28,18,127,99,14,93,92,65,67,67,158,33,47,21,116,80,137,
148,143,94,157,86,23,84,71,35,30,51,103,28,32,120,71,58,46,153,131,166,
25,26,27,28,29,30,31,32,33,34,35,36,37,38,39,40,41,42,43,44,45,46,47,48,
72.31,71.38,71.16,71.52,70.65,71.33,71.89,71.4,70.96,71.49,71.35,71.1,71.08,71.55,71.1,71.58,71.48,70.94,70.97,70.91,71.11,70.95,71.6,71.8,
91,39,34,78,24,80,105,115,55,83,85,72,63,118,72,103,132,104,98,92,95,73,152,163,
59,12,14,40,3,72,46,94,35,38,145,90,77,114,61,97,126,81,87,92,41,70,105,174,
29,30,31,32,33,34,35,37,38,39,40,41,42,43,44,45,46,
72.11,72.53,72.64,72.05999999999999,71.75999999999999,71.78999999999999,72.29,71.57,71.2,70.67,71.53,70.54,71.38,71.92,71.89999999999999,72.02,71.36,
 , , , , , ,166,162,129,67,147,24,125,170, , , ,
 , , , , , ,180,181,161,99,149,61,139,194, , , ,
25,26,27,28,29,30,31,32,35,36,37,38,39,40,41,42,43,44,46,
72.45,71.64,70.99,72.03,72.68,71.91,71.75,72.29,71.13,70.62,71.43,71.47,70.56,70.93,70.79,71.11,70.7,71.37,72.08,
132,87,45,146,171,160,136,151,66,24,108,88,42,103,80,113,44,130,179,
93,76,67,32,113,153,136,154,126,42,116,80,93,129,109,109,91,175,195,
27,28,29,30,31,32,33,34,35,36,37,38,39,40,41,42,43,44,45,46,47,48,49,
71.65,71.33,70.97,70.63,71.51,71.7,70.27,70.25,71.6,71.57,70.43,70.25,71.09,70.56,70.81,70.59,69.67,70.44,70.26,70.63,70.97,70.93,72.53,
56,39,31,21,98,82,11,15,92,109,9,6,65,22,19,44,13,35,23,34,76,66,192,
78,60,27,18,89,56,23,14,93,59,31,28,34,21,17,54,21,15,40,77,68,74,182,
23,24,25,26,27,28,29,30,31,32,34,35,36,37,38,39,40,41,42,43,44,45,
72.28,71.69,70.76,70.21,70.35,70.33,70.61,70.59,70.06,70.36,71.34,70.95,71.45,70.94,71.49,70.06,69.96,71.63,71.75,71.17,71.86,71.03,
89,61,14,2,9,2,5,33,7,9,98,52,107,55,94,9,20,167,162,106,172,80,
144,93,29,2,11,3,4,9,7,2,100,95,93,50,73,27,33,90,169,126,187,121,
22,23,24,25,26,27,28,29,30,32,33,34,35,36,37,38,39,40,41,42,43,44,46,47,48,
72.19,71.42,71.79,71.14,72.05,72.06,71.04,71.39,71.25,70.88,70.22,69.95,70.85,70.61,71.37,70.53,70.75,70.75,71.77,70.73,70.13,70.84,71.34,71.39,71.04,
80,31,63,16,79,101,25,63,80,10,8,4,33,25,102,26,33,32,121,55,33,86,128,133,84,
80,25,79,16,90,106,27,29,84,28,26,3,45,37,97,19,28,22,71,89,54,35,189,165,129,
26,27,28,29,30,31,32,36,37,38,39,40,41,42,43,46,47,
71.69,71.64,71.58,71.55,70.85,70.92,70.58,70.43,71.0,71.1,70.41,71.76,71.59,71.58,71.57,72.37,71.79,
61,69,83,103,27,16,28,9,56,68,13,120,139,163,161,189,166,
129,136,66,45,8,34,54,79,22,20,38,116,87,155,180,212,173,
23,24,25,26,27,28,29,30,31,32,33,34,35,36,37,38,39,40,41,42,46,47,
72.54,71.81,71.27,70.59,70.7,70.69,71.15,71.11,70.2,70.51,70.65,70.55,70.93,70.93,71.15,71.38,70.86,71.03,70.99,71.05,71.6,71.8,
132,60,26,7,11,16,65,55,1,25,30,17,42,56,71,100,42,36,76,114,156,168,
125,35,36,17,17,6,62,45,14,60,47,13,42,67,67,99,62,103,111,115,193,188,
23,24,25,26,27,28,29,30,31,32,33,34,35,36,37,38,39,40,41,42,43,44,45,46,47,48,
71.77,72.36,72.11,70.77,70.97,71.0,70.87,71.07,70.83,71.04,70.48,70.09,71.26,71.49,70.34,69.93,70.92,70.4,71.51,71.91,71.09,71.44,72.34,71.52,72.17,72.38,
54,122,77,3,12,24,25,59,26,23,24,10,60,97,7,2,45,12,95,167,116,147,180,146,186,187,
56,120,76,2,10,30,30,22,13,10,20,11,43,86,10,5,13,7,45,112,116,97,143,135,198,192,
24,25,27,28,29,30,31,32,33,34,35,36,37,38,39,41,
73.36,72.64,71.80999999999999,71.51,71.19,70.89,72.06,70.67,70.7,70.63,71.44,72.31,72.79,72.44,74.07,72.39999999999999,
 ,170, ,120,77,46,144,52,78,57,146,189,200,189, , ,
 ,160, ,92,77,68,100,61,84,18,56,188,191,226, , ,
27,28,29,30,31,32,33,34,35,36,37,38,39,40,41,42,43,44,45,46,47,48,49,
73.27,72.63,72.14,71.86,72.11,70.85,70.82,70.78,70.45,70.18,70.84,69.82,70.59,70.49,70.45,70.53,70.58,70.36,70.68,69.98,70.45,70.09,70.55,
147,106,106,81,136,38,25,7,22,13,30,3,27,21,16,20,9,23,74,8,38,9,28,
189,88,83,133,138,89,46,24,58,43,53,6,27,27,15,60,30,18,86,28,52,78,93,
24,25,26,27,28,29,30,31,32,33,34,35,36,37,38,39,40,41,42,43,44,45,46,
72.63,72.77,72.06,72.42,71.53,71.01,72.12,71.37,70.93,70.29,70.67,71.46,71.18,71.69,71.31,70.64,70.86,70.92,70.92,70.26,70.03,71.71,70.58,
116,118,101,126,80,46,156,48,67,16,22,94,85,140,92,26,27,68,101,24,14,159,31,
118,105,53,54,63,40,99,43,78,10,36,112,93,123,56,99,88,128,114,44,63,165,190,
27,28,29,30,31,32,33,34,35,36,37,38,39,40,41,42,
71.18,71.12,71.65,71.5,71.51,71.86,71.43,71.49,71.19,72.04,71.41,70.58,71.1,70.8,71.19,71.06,
29,83,130,85,101,149,105,111,77,141,126,65,117,80,109,88,
142,90,103,107,58,101,104,125,86,139,105,80,83,110,113,137,
22,23,24,25,26,27,28,29,30,31,32,33,34,35,36,37,38,39,40,42,
71.67,72.42,71.62,71.14,71.82,71.5,70.87,70.93,71.35,70.91,70.92,71.14,70.64,70.9,71.58,71.12,71.39,71.11,70.64,71.88,
59,126,86,64,136,61,57,52,70,41,54,69,25,49,103,97,151,118,62,174,
99,120,99,43,109,71,5,53,62,36,72,60,30,30,42,55,180,122,116,145,
23,24,25,26,27,28,29,31,32,33,34,36,38,39,40,44,
72.54,71.76,71.65,71.51,70.82,71.03,72.47,71.74,70.47,70.12,70.63,70.26,71.38,70.53,71.26,71.9,
102,72,70,76,37,45,165,135,15,11,29,10,74,41,138,175,
162,29,72,69,30,19,100,54,57,17,43,22,50,86,179,214,
26,27,28,29,30,31,32,33,34,35,36,37,38,39,40,41,42,43,44,45,46,47,48,49,50,51,
71.34,71.25,70.91,71.15,71.47,71.92,71.24,70.88,70.73,71.57,71.74,70.66,70.21,70.67,70.36,70.5,70.48,70.86,71.15,71.63,71.86,70.04,70.65,70.3,70.37,71.9,
21,22,14,17,41,86,38,26,30,110,90,40,14,22,15,17,18,41,75,107,160,26,60,25,15,175,
35,15,13,23,45,69,45,37,20,54,89,84,20,26,25,16,36,57,56,60,144,92,98,15,27,151,
25,27,30,32,33,34,35,37,38,40,41,42,43,44,45,46,
73.01,73.07,73.35,71.22999999999999,71.99,71.44999999999999,73.05999999999999,71.47,71.7,71.72999999999999,71.69,71.05999999999999,71.2,72.13,72.25999999999999,72.36,
165,177, , , , , , ,114, , , ,113,184, , ,
156,211, , , , , , ,161, , , ,157,208, , ,
25,26,27,28,29,31,32,33,34,35,36,37,38,39,40,41,43,
71.67,71.85,70.74,72.52,73.03,71.55,70.99,71.03,70.98,71.0,71.05,71.1,71.27,70.84,71.07,71.68,72.38,
88,126,19,168, , , ,68,55,55,64,42,113,92,109,155,191,
134,60,33,172, , , ,102,101,88,71,85,48,138,84,172,216,
25,26,27,28,29,30,31,32,33,34,35,36,37,38,39,40,41,42,43,44,45,46,48,
72.33,70.74,71.21,71.08,71.28,70.08,70.44,70.41,70.63,71.06,70.18,71.29,70.46,70.4,70.56,70.09,70.03,70.43,70.65,70.4,69.87,70.51,70.84,
108,9,20,14,28,1,8,11,14,26,7,96,14,17,23,5,4,14,11,29,19,39,60,
87,16,37,27,35,36,20,26,10,40,27,146,37,11,18,9,6,17,33,33,7,38,60,
22,23,25,26,27,28,29,30,31,32,33,34,35,38,39,40,41,42,43,
72.93,73.74,72.69,72.92,71.84,70.94,71.05,70.56,70.72,72.04,71.35,71.02,72.73,72.39,70.36,70.61,70.19,70.32,70.9,
134,173,150,175,125,34,24,27,36,132,85,67,185, ,23,70,18,31,66,
137,160,154,180,139,140,57,35,25,142,133,169,215, ,110,73,48,93,147,
25,26,27,28,29,30,31,32,33,34,35,36,37,38,39,40,41,42,43,44,45,46,
72.43,72.39,72.06,71.76,70.94,71.02,70.68,70.89,70.4,69.8,69.75,70.05,70.77,70.65,70.0,70.82,70.79,70.21,69.69,70.05,70.5,71.18,
105,95,101,77,28,49,17,12,19,2,2,9,41,31,3,36,16,12,14,13,46,108,
104,66,80,35,28,42,42,22,7,4,1,1,30,50,17,26,18,21,42,19,20,103,
25,26,27,28,29,30,31,32,33,34,35,36,37,38,39,40,41,42,43,44,45,
71.33,72.09,71.71,71.22,71.05,71.39,71.05,70.36,71.01,70.88,71.24,70.98,70.9,70.68,71.09,71.3,70.79,70.58,71.45,71.27,71.34,
29,104,73,47,55,85,24,15,65,34,74,64,50,28,68,63,57,65,148, ,128,
51,87,92,74,80,107,65,10,46,59,77,131,62,46,91,129,83,134,179, ,194,
24,25,26,27,28,29,30,31,32,33,34,35,36,37,38,39,40,41,43,48,49,
72.3,72.18,72.07,72.28,71.44,71.53,71.26,70.92,71.48,71.31,71.99,71.47,71.74,71.41,70.99,71.83,71.46,72.07,71.47,71.49,72.22,
118,111,132,153,89,64,102,48,80,79,160,112,129,104,32,157, , ,142, , ,
125,123,136,152,187,74,100,52,71,124,80,153,167,160,91,182, , ,193, , ,
23,24,25,26,27,28,29,30,31,32,33,35,36,37,38,39,40,42,45,46,48,
72.25,71.69,70.78,70.7,70.77,71.27,70.27,71.0,71.25,71.08,71.64,71.05,70.78,71.34,71.2,71.27,71.08,71.57,72.5,72.89,72.3,
112,71,21,27,20,38,11,60,59,54,130,60,34,70,107,140,113,153, , , ,
86,51,26,12,35,39,6,30,64,64,168,95,34,13,72,151,172,191, , , ,
24,25,26,27,28,29,30,31,32,33,34,35,36,37,38,39,40,41,42,43,45,46,48,
71.86,71.55,70.9,71.47,71.12,71.09,71.05,70.77,71.62,71.69,72.17,70.31,70.92,70.82,71.11,70.16,71.43,71.46,72.61,72.98,70.71,72.25,71.58,
48,35,12,38,16,16,26,20,109,122,143,13,48,28,57,2,105,108,177,186,80,191,154,
24,34,24,38,22,39,41,4,106,40,63,51,97,14,56,17,68,149,64,164,96,195,192,
25,26,27,28,29,30,31,32,33,34,35,36,37,38,39,40,41,42,43,44,
71.86,71.51,70.09,70.3,70.97,71.5,71.19,70.8,70.12,70.6,71.35,71.15,72.0,71.9,71.64,71.92,70.86,71.31,70.74,71.6,
80,52,1,7,38,61,92,40,4,24,100,71,162,144,110,168,94,139,72,155,
70,46,11,9,12,32,93,15,5,20,50,54,50,148,117,177,101,126,114,155,
24,25,26,27,28,29,30,31,32,33,34,35,36,37,39,40,41,
72.69999999999999,72.55999999999999,71.6,71.44,71.14,70.39,70.79,72.25,72.34,71.9,71.69,71.39,71.50999999999999,72.06,71.91999999999999,71.78,71.52,
 , , , ,78,12,34,164,169,166,170,143, ,172, , , ,
 , , , ,116,16,27,115,86,180,145,173, ,201, , , ,
27,28,29,30,31,32,34,35,36,37,38,39,40,41,42,43,44,45,46,47,
73.38,71.75,72.36,71.78999999999999,71.6,71.63,71.58,70.96,71.27,70.85,70.91,70.81,71.15,72.12,71.61999999999999,71.99,71.58999999999999,72.14999999999999,70.82,71.66,
 , , , ,114, , ,56,59,62,98,84,120,175, , , , , , ,
 , , , ,176, , ,93,107,69,78,91,125,211, , , , , , ,
21,22,23,24,25,26,27,28,29,30,31,32,33,34,35,36,37,38,39,40,41,
72.66,71.86,71.51,71.32,70.34,70.98,70.66,70.22,70.67,71.66,71.11,71.05,71.56,71.17,71.6,73.44999999999999,72.55,71.39999999999999,71.33,72.2,72.14,
107,80,52,58,8,39,6,8,32,102,57,69,127,75, , , , , ,178,177,
128,121,42,38,35,38,31,37,32,128,73,60,148,157, , , , , ,159,170,
25,28,29,30,31,32,33,34,35,36,37,39,40,41,43,44,
73.03,71.76,72.46,71.01,71.53,71.16,71.63,71.3,70.26,71.13,71.05,72.14,72.44,72.25999999999999,73.1,72.50999999999999,
183,111,167,65,126,73,124,63,16,122,106,177, , , , ,
177,35,172,76,72,68,118,148,38,93,152,180, , , , ,
23,27,28,29,30,31,32,33,34,35,36,37,38,39,40,41,42,43,44,45,
72.69,71.97,71.83,71.37,70.95,71.95,70.51,71.07,70.98,70.78,71.13,71.49,71.66,70.88,71.44,70.41,71.2,71.56,70.38,72.19,
143,90,105,91,36,117,25,73,39,34,77,114,126,44,81,32,131,159, ,181,
186,94,87,49,15,103,36,59,61,47,77,117,143,125,134,49,149,194, ,198,
28,29,30,31,32,33,34,35,36,37,38,39,40,42,43,44,
71.47999999999999,71.02,71.11,71.47,72.01,72.61,73.55999999999999,73.39,72.05,72.32,71.53,72.45,72.97999999999999,72.78,73.52,72.14999999999999,
 ,50,74,112,164,177, , , , , ,190, , , , ,
 ,76,62,75,120,198, , , , , ,208, , , , ,
23,24,25,26,27,28,29,30,31,32,33,34,35,36,37,38,39,40,41,42,43,44,
71.06,70.94,70.98,71.1,71.06,70.58,71.74,70.66,71.49,70.32,72.64,72.42,70.64,70.86,71.49,70.9,70.25,70.58,70.24,70.18,72.16,70.56,
20,10,9,17,27,12,118,16,58,14,167,158,27,51,114,42,7,9,15,38,186,51,
11,1,26,7,6,16,88,23,75,47,185,161,29,32,109,54,5,6,4,28,153,75,
25,26,27,28,29,30,31,32,33,34,35,36,37,38,39,40,41,42,43,44,45,47,48,
71.54,72.06,71.04,71.41,71.2,71.48,71.57,71.44,70.81,70.95,70.9,71.39,71.49,70.9,70.69,70.44,71.43,70.7,70.74,71.33,71.08,70.79,70.95,
32,81,18,32,22,46,62,69,34,36,13,112,116,37,29,11,105,32,31,68,90,80,96,
26,51,25,29,10,23,78,111,16,48,19,64,127,77,88,7,146,82,92,138,181,144,62,
25,26,27,28,29,30,31,32,33,34,35,36,37,38,39,40,42,43,44,45,
72.17,71.82,71.43,70.92,71.51,70.72,70.72,71.96,71.41,70.97,70.84,70.45,70.89,71.36,71.4,71.48,71.35,70.57,70.43,71.29,
79,64,42,20,76,29,18,121,116,56,30,19,52,99,101,111, ,64,33,134,
112,87,77,28,64,44,20,104,135,77,47,61,136,165,106,167, ,187,165,166,
28,29,30,31,32,33,34,35,36,37,38,39,40,41,42,43,44,
71.2,71.28,70.99,71.41,70.12,71.01,71.34,70.46,70.7,70.69,70.79,70.72,71.08,71.03,70.75,70.92,71.44,
44,83,41,50,3,65,69,20,36,37,34,29,39,84,82,93,146,
106,90,71,106,21,51,86,55,54,57,65,72,102,82,118,128,178,
27,28,29,30,31,32,33,34,35,37,38,39,40,41,43,44,
71.59,72.05,71.36,72.6,71.88,72.2,71.72,71.23,71.8,70.97999999999999,70.45,70.09,70.14,71.73,73.64999999999999,73.46,
112,128,109, ,119,152,136,81,135, ,36,29,16,158, , ,
167,132,131, ,106,127,149,90,158, ,73,46,61,190, , ,
26,27,28,29,30,31,32,33,34,35,36,37,38,39,40,41,42,43,44,45,46,48,
71.58,71.25,70.71,71.39,70.78,70.93,71.2,70.74,71.12,70.6,71.61,70.37,70.95,71.11,70.57,70.45,71.16,70.48,70.87,71.46,71.52,71.09,
34,22,6,30,4,10,36,18,61,11,70,16,54,44,23,12,75,18,43,83,135,116,
8,8,1,17,8,11,53,39,37,25,52,2,28,29,32,45,58,41,85,87,74,127,
29,32,33,34,35,36,37,38,39,40,41,42,43,45,46,47,
72.12,72.56,72.11,71.1,71.2,72.03,71.15,71.49,72.11,71.29,71.55,71.63,72.55,72.97,73.47,74.11999999999999,
156,165,139,56,88,165,71, ,149,117,161,167, , , , ,
188,128,148,103,68,144,147, ,219,115,157,169, , , , ,
26,27,28,29,30,31,32,33,34,35,36,37,38,39,40,41,43,
72.64,71.61,71.89,71.22,70.93,72.01,70.65,70.84,71.74,71.11,70.82,71.18,71.52,71.63,71.55,72.6,72.08,
134,65,112,74,29,123,38,42,110,57,47,76,115,124,99,191,181,
161,21,49,94,18,67,24,55,89,84,61,93,76,88,143,209,217,
23,24,25,26,27,28,29,30,32,33,35,36,37,38,40,44,48,
71.83,71.32,71.53,71.49,72.7,73.34,72.17,71.87,71.32,71.62,70.80999999999999,71.48,71.3,72.06,70.94,72.44999999999999,71.83,
65,34,55,73,170,183,143,152,66,117, ,109,95,144,104, , ,
61,49,52,98,146,212,90,176,112,165, ,121,76,185,173, , ,
23,24,25,26,27,28,29,30,31,32,33,34,35,36,37,38,39,
71.82,71.93,71.18,71.71,71.13,71.36,71.19,71.72,71.53999999999999,70.61999999999999,71.43,70.65,70.95,70.79,70.19,70.4,71.0,
76,84,41,116,61,46,92,132, , ,109,31,51,35,2,29,108,
110,114,56,121,67,58,126,171, , ,150,112,48,39,5,28,91,
23,24,25,26,27,28,29,30,31,32,33,34,35,36,37,38,39,40,41,42,
72.93,71.29,71.93,72.03,71.53,71.01,71.64,71.62,72.05,70.61,70.98,71.4,71.35,71.01,70.69,71.27,72.01,71.3,71.51,71.29,
152,23,69,98,55,35,111,115,128,34,57,74,85,65,37,86,149,63,134,144,
200,63,35,109,56,77,112,51,190,113,111,125,137,143,91,104,170,131,167,152,
28,29,31,32,33,34,35,36,37,38,39,40,41,42,43,44,45,46,47,
72.75,71.75,72.19,72.83999999999999,71.64999999999999,72.13,71.39999999999999,70.92,71.93,71.5,71.53,72.07,71.75,71.38,72.44,73.05999999999999,72.36,72.14999999999999,72.42999999999999,
 , , , , , , ,51,133,133,158, , , , , , , , ,
 , , , , , , ,112,165,149,172, , , , , , , , ,
26,27,28,29,30,31,32,33,34,35,37,38,39,40,41,42,43,45,48,
73.05,71.93,71.52,71.89,70.76,70.93,71.83,71.59,70.98,71.31,72.11,71.5,71.82,71.03,71.74,71.28,71.63,74.72999999999999,74.1,
147,87,54,112,31,29,97,127,57,65,169,118,140,61,118,116,166, , ,
166,36,25,82,28,41,72,136,86,42,112,107,85,106,105,94,143, , ,
25,26,27,28,29,30,31,32,33,34,35,36,37,39,40,41,42,43,44,45,
70.78,71.48,71.56,71.79,71.35,71.13,71.12,70.84,71.33,71.32,71.42,71.07,71.26,71.19,71.94,71.33,70.85,71.74,70.83,71.0,
6,33,44,57,31,21,33,24,86,78,51,79,88,69,154,97,40,136,21,78,
9,44,52,58,49,40,66,24,15,28,60,98,117,119,159,134,73,123,81,135,
22,23,24,25,26,27,28,29,30,31,32,33,34,35,36,37,42,
71.38,71.81,72.55,72.35,70.49,71.74,71.17,70.12,70.38,71.08,71.24,70.42,70.68,71.0,71.77,71.1,72.6,
39,78,160,156,7,90,91,12,10,54,91,14,28,59,121,93, ,
133,61,94,130,131,105,55,33,28,27,126,78,72,138,140,132, ,
28,29,30,31,32,33,34,35,36,37,38,39,40,41,42,43,44,45,47,48,
71.46,71.22,71.16,71.6,72.14,71.88,70.72,71.4,70.9,71.63,71.36,70.8,71.5,71.95,70.94,70.66,70.52,71.91,73.15,71.71,
27,21,24,44,81,83,12,67,41,116,46,51,117,125,43,31,23,154,188,148,
34,27,37,55,39,119,37,85,57,88,49,4,93,136,94,144,51,133,242,170,
24,25,26,27,28,29,30,31,32,33,34,35,36,37,38,39,
72.8,71.11,71.38,71.88,70.78,71.11,71.21,71.34,71.23,71.39,71.82,72.13,72.42999999999999,71.57,71.78,72.22,
 ,81,103,119, ,74,77,94,84,75,156, , , , , ,
 ,80,102,147, ,99,118,109,73,40,165, , , , , ,
29,30,31,32,33,34,35,36,37,38,39,40,41,42,43,44,45,48,49,
72.04,72.72,71.93,71.22,71.75,71.14,70.66,70.91,72.12,71.69999999999999,71.25,70.81,71.06,71.41,71.48,71.83,71.58999999999999,72.67999999999999,72.58999999999999,
99,153,120,74,129,28,40,46,142, , ,45,62,104,91,157, , , ,
100,165,104,101,146,96,103,71,175, , ,97,66,105,110,155, , , ,
23,24,25,26,27,28,29,30,31,32,33,34,35,36,37,38,39,40,41,42,43,44,45,
73.07,71.99,72.57,71.56,71.6,71.74,71.09,70.83,69.83,70.6,71.76,70.16,70.46,71.33,71.07,71.49,71.52,73.79,73.92,72.14,72.1,73.03,72.11,
146,74,137,43,47,69,30,22,1,11,92,6,29,67,53,118,122,195,188,155,181, , ,
134,112,78,33,34,97,39,9,2,9,17,16,17,25,68,111,98,267,272,178,211, , ,
24,25,26,27,28,29,30,31,32,33,34,35,36,37,38,39,40,41,
72.13,71.43,71.13,70.82,70.36,70.51,69.96,70.28,70.94,70.58,70.41,70.17,71.54,70.69,70.52,70.66,70.63,71.21,
99,34,18,8,5,9,2,1,17,28,22,6,104,35,23,26,25,50,
39,25,11,19,3,12,14,2,3,31,44,6,123,12,33,40,19,7,
25,26,27,28,29,30,31,32,34,35,36,37,38,39,40,41,44,45,49,
72.06,72.84,72.71,72.73,72.25,71.03,71.24,72.61,72.19,71.43,71.31,71.48,70.56,70.54,71.12,71.98,72.44,72.22,73.80999999999999,
75,125,138,154,143,52,73,169,153,75,79,116,27,20,74,134, , , ,
121,113,95,113,110,86,59,167,193,104,92,123,34,36,130,175, , , ,
26,27,28,29,30,31,32,33,34,35,36,37,38,39,40,41,42,43,44,45,
71.89,71.89,71.04,71.61,72.0,71.96,70.88,71.2,71.21,71.77,71.73,70.68,71.0,71.0,71.19,70.67,71.45,71.66,71.28,72.11,
54,67,18,45,76,91,18,44,72,133,88,42,60,40,69,33,108,126,92,149,
54,46,31,84,65,50,55,21,63,127,101,22,62,58,72,36,45,154,149,160,
24,25,26,27,28,29,30,31,32,33,34,35,36,39,40,41,42,45,
71.99,72.64,71.95,71.44,71.9,71.72,71.18,71.51,71.54,71.25,71.0,71.78,72.2,71.63,71.24,72.24,71.50999999999999,73.39,
80,118,70,44,82,94,69,98,65,99,60,112,152,121,87,161, , ,
133,128,60,30,106,123,95,117,117,127,94,118,192,124,120,187, , ,
24,25,26,27,28,29,30,31,32,33,36,37,38,39,40,41,
72.12,72.5,72.14,71.73,71.53,71.55,71.22,71.56,73.56,72.63,71.97999999999999,71.52,70.88,71.87,71.53,72.6,
98,107,81,68,55,82,74,108,190,181, , ,49,147,117,175,
102,109,92,63,44,59,48,49,202,228, , ,41,97,142,234,
30,31,32,33,34,35,36,37,38,39,40,41,42,43,44,45,46,47,48,49,
70.96,69.8,70.21,71.04,70.84,71.01,70.99,70.38,70.1,70.42,70.79,70.72,70.04,70.13,70.71,71.23,71.32,71.34,72.36,72.67,
10,1,1,13,5,14,23,5,3,4,8,48,5,5,30,89,95,94,169,178,
20,1,3,9,5,14,7,8,5,1,15,39,6,8,22,104,66,35,159,200,
28,29,30,31,32,33,34,35,36,37,38,39,40,41,42,43,44,45,46,47,
71.56,71.03,71.27,70.89,71.87,71.2,71.17,71.24,71.01,71.28,71.62,70.39,71.13,70.38,70.15,70.76,70.87,71.42,71.22,72.74,
33,15,30,7,67,23,35,51,46,75,72,18,79,10,12,39,48,103,83,181,
46,19,28,2,40,15,13,44,51,65,79,42,114,39,5,110,56,148,101,223,
30,31,32,33,34,35,36,37,38,39,40,41,42,43,44,45,46,47,49,
71.87,71.64,71.2,70.88,71.49,70.44,71.08,70.73,70.43,71.23,71.45,70.8,70.91,71.13,72.66,71.81,72.65,71.24,72.79,
52,45,26,5,42,2,29,17,12,72,52,51,46,48,172,145,182,84,182,
60,83,7,3,29,2,23,13,10,60,13,12,40,68,185,162,189,137,207,
22,23,24,25,26,27,28,29,30,31,32,33,34,35,36,39,42,43,45,47,
72.67,72.65,72.35,71.42,72.59,72.2,71.78,73.88,71.47,72.15,70.71,71.77,72.01,72.26,72.45,71.16,72.58,72.14,73.00999999999999,73.57,
130,139,96,35,130,113,98,185,94,140,45,137,129,157,182,76, , , , ,
92,113,45,30,75,121,48,179,95,121,62,67,111,82,160,156, , , , ,
28,29,30,31,32,33,34,35,36,37,38,40,43,44,45,46,
71.44,71.88,71.67,70.8,71.44,70.36,70.81,70.63,71.05,71.28,71.72,70.72,71.06,71.46,70.25,71.72,
26,66,51,3,39,1,17,14,55,75,87,36,70,111,9,133,
18,58,49,36,54,46,22,18,46,66,83,107,82,169,78,205,
27,28,29,30,31,32,33,34,35,36,37,38,39,40,41,42,43,45,48,
72.98,72.45,73.22,71.81,71.65,71.65,72.0,71.21,70.37,71.1,71.27,71.06,71.01,71.44,70.72,71.28,71.97,71.87,72.21,
142,115,157,60,52,56,93,46,10,53,38,77,65,77,31,95,160,142, ,
145,91,169,97,62,65,70,54,33,75,80,108,119,96,53,147,217,209, ,
23,24,25,26,27,28,29,30,31,32,33,34,35,36,37,38,39,40,41,
72.34,72.0,71.96,71.53,71.22,72.16,72.38,71.3,71.56,71.09,71.49,70.23,70.4,70.42,70.76,70.77,71.15,71.07,71.89,
96,75,76,39,23,108,123,57,105,52,58,10,20,12,33,41,71,63,143,
95,66,93,48,23,157,71,73,76,57,95,38,27,20,34,83,106,83,184,
28,29,30,31,32,33,34,35,36,37,38,39,41,42,43,44,45,46,47,48,
72.08,71.63,71.71,72.38,71.95,71.94,70.92,70.6,70.88,71.32,71.64,71.13,72.43,70.97,71.71,71.36,71.21,71.92,72.5,73.1,
71,42,56,98,70,89,20,13,40,78,75,87,160,45,135,99, ,145, , ,
68,74,60,92,67,90,33,25,59,91,85,81,189,89,115,137, ,154, , ,
24,25,26,27,28,29,30,31,32,33,34,35,36,37,38,39,40,41,42,
70.9,70.6,70.39,71.54,71.03,71.15,71.43,70.56,70.79,70.61,71.26,71.32,71.27,70.72,70.84,70.9,71.22,71.4,72.02,
8,5,3,40,11,22,47,11,32,13,35,106,90,26,37,53,79,101,150,
3,9,10,21,14,1,32,1,1,7,53,48,99,63,41,49,116,129,192,
29,30,31,32,33,34,35,36,37,38,39,40,41,42,43,44,45,46,47,49,
72.01,71.81,71.01,72.34,73.13,72.26,72.13,71.61,71.02,71.77,72.19,70.95,71.27,71.71,71.33,71.75,71.45,71.80999999999999,72.07,72.71,
63,62,17,95,151,113,104,84,49,133,146,68,90,108,82,139,108, ,156, ,
19,60,6,39,147,123,85,100,82,78,102,66,91,108,118,138,156, ,143, ,
24,25,26,27,28,29,30,31,32,33,34,35,36,37,38,39,40,
72.55,72.78,73.34,72.1,71.6,71.77,71.74,71.4,71.9,70.4,71.0,70.89,70.24,70.24,70.64,71.35,72.24,
133,126,163,105,64,96,118,87,107,19, ,36,13,3,30,96,162,
99,110,146,120,79,83,120,147,146,163, ,113,39,51,63,122,182,
25,26,27,28,29,30,31,32,33,34,35,36,37,38,39,40,41,42,43,48,
72.92,72.97,72.09,72.5,71.73,73.21,72.17,71.96,70.54,71.45,72.01,71.26,71.24,71.59,72.45,70.62,71.22,71.49,72.39,72.86999999999999,
138,143,93,107,57,149,109,124,17,92,123,102,85,90,166,28,79,111,172, ,
125,140,87,87,80,181,124,149,140,120,122,125,89,78,151,74,86,123,202, ,
27,28,29,30,31,32,33,34,35,36,37,38,39,40,41,42,43,44,
72.0,72.06,70.64,70.98,71.07,71.0,71.4,71.18,70.81,70.63,71.91,71.37,71.05,71.18,71.23,72.12,71.07,70.84,
61,81,5,12,13,13,45,41,34,14,111,111,70,54,73,170,61,39,
32,70,8,22,20,22,59,53,61,16,2,87,65,95,91,208,108,118,
30,31,32,33,34,35,36,37,38,39,40,41,43,44,45,46,47,
69.95,70.74,70.45,70.89,70.97,71.06,70.28,70.42,70.63,71.59,71.84,70.65,70.84,70.81,70.93,70.37,70.98,
2,7,4,7,8,15,4,7,21,112,99,38,30,35,56,11,53,
1,3,5,12,1,18,20,5,39,80,68,45,46,43,58,25,45,
23,24,25,26,27,28,29,30,31,32,33,34,35,36,37,38,43,
73.55,72.72,73.34,71.67,72.16,71.33,70.25,71.86,71.47,71.11,70.78,72.23,71.52,71.8,71.96,71.92,71.3,
161,121,163,59,108,60,6,137,55,81,39,150,103,144,159,156, ,
170,114,156,52,16,36,4,37,54,65,41,75,116,108,133,198, ,
23,24,25,26,27,28,29,30,31,32,33,34,35,36,37,38,40,47,48,
72.35,71.78,71.68,71.72,71.43,71.1,71.38,70.94,70.95,70.4,70.32,71.14,71.39,71.35,71.59,71.52,72.37,72.53,73.08,
98,57,52,52,36,17,43,28,43,3,3,90,105,70,112, ,178, , ,
114,71,74,59,41,44,31,62,56,6,8,85,144,134,134, ,224, , ,
30,31,32,33,34,35,36,37,38,39,40,41,42,43,44,45,47,
71.88,72.35,72.19,72.89,72.12,71.86,71.54,71.39,71.47,71.47,71.81,70.89,70.74,71.12,71.72,71.14,72.46,
53,110,108,133,80,80,60,63,96,94,93,58,38,46,131,78,181,
14,81,80,150,106,82,57,61,119,119,120,74,57,34,130,137,233,
26,27,28,29,30,31,32,33,34,35,36,37,38,39,42,43,
71.8,72.48,72.11,71.3,72.74,71.55,71.84,71.13,70.81,71.11,71.85,70.69,71.43,71.62,72.21,72.66,
44,117,95,24,114,48,79,38,34,55,100,44,108,95,170,187,
53,36,46,26,119,71,119,95,58,77,133,123,115,127,83,200,
33,34,35,36,37,38,40,41,42,43,44,45,46,47,48,49,
71.64,70.96,71.18,71.04,71.13,71.58,71.0,70.68,70.78,70.95,70.84,70.37,70.03,70.09,70.66,70.39,
35,12,25,13,18,54,33,26,21,18,53,19,3,10,31,12,
28,18,26,5,13,62,81,34,39,11,70,56,24,54,73,85,
28,29,30,31,32,33,34,35,36,37,38,39,40,41,42,43,44,
72.63,72.71,72.08,71.15,71.81,71.78,71.53,70.76,70.51,71.1,71.83,71.13,71.27,70.62,69.86,71.08,71.27,
121,135,91,17,63,73,55,19,15,53,97,87,90,19,4,71,85,
90,105,121,8,50,32,80,22,13,14,97,92,106,41,3,47,38,
24,25,26,27,28,29,30,31,32,33,34,35,36,38,39,40,42,43,44,46,47,48,
71.49,71.75,72.02,71.54,71.72,72.0,71.11,71.89,71.33,71.66,72.12,71.39,71.3,71.56,71.93,71.49,72.39,73.03,73.41,73.77,72.55999999999999,73.28999999999999,
29,53,83,40,55,95,31,112,86,120,134,112,98,106,152,114, , , , , , ,
22,41,110,60,63,127,62,112,99,47,147,133,121,60,113,147, , , , , , ,
24,25,28,29,30,31,32,33,34,35,36,37,39,40,41,42,
72.57,72.76,71.18,71.21,72.11,71.9,71.55,71.89999999999999,71.1,71.15,71.38,71.52,72.28,72.86,72.78,72.3,
112,116,41,72,153,107,125, , ,63,104,122, , , , ,
130,143,46,55,64,129,148, , ,128,107,160, , , , ,
27,28,29,30,31,32,33,34,35,36,37,38,39,40,41,42,43,
70.93,70.95,72.31,70.92,71.43,73.7,71.38,70.35,70.13,71.19,71.66,71.05,70.7,71.61,70.85,71.45,71.85,
9,11,114,9,36,154,43,4,5,69,80,75,34,94,38,112,151,
5,20,85,7,16,149,8,3,8,21,33,75,31,51,21,23,119,
31,32,33,34,35,36,37,38,39,40,41,42,43,44,45,46,47,
71.09,71.29,71.75,71.65,71.11,70.44,70.78,70.98,70.59,71.07,71.48,71.43,71.99,72.68,72.31,71.4,72.85,
14,24,59,46,15,2,16,32,19,50,57,117,147,172,159,106,187,
15,24,57,44,21,9,11,57,41,29,42,159,130,192,177,120,222,
28,29,30,31,32,33,34,35,36,37,38,39,40,41,42,43,
71.28,70.01,71.21,71.3,71.0,71.27,70.88,71.23,70.45,70.81,70.8,70.04,70.08,70.88,69.95,71.43,
19,2,27,24,10,27,18,49,14,24,9,2,8,34,8,109,
16,4,14,32,6,59,47,68,19,36,41,19,16,101,28,70,
30,31,32,33,34,35,36,37,38,39,40,41,42,43,44,45,
72.05,72.06,71.74,71.45,71.49,71.7,70.77,71.46,71.81,71.9,71.49,71.25,70.41,71.65,71.35,71.47,
67,81,58,37,42,63,15,71,121,141,58,99,22,100,85,113,
17,95,53,49,57,58,18,71,53,83,112,111,96,117,102,209,
28,29,30,31,32,33,34,35,36,37,38,39,40,41,42,43,49,
72.52,72.48,72.2,72.09,72.91,72.37,71.5,71.9,71.17,72.68,72.02,71.82,72.47,71.05,71.5,72.63,72.78,
116,117,109,76,132,123,51,118,66,180,125,149,162,42,99, , ,
75,64,66,56,107,96,83,70,47,149,59,132,170,135,166, , ,
24,25,26,27,28,29,30,31,32,33,34,35,36,37,38,48,
72.48,72.39,72.06,71.93,71.83,72.23,71.93,71.85,71.63,71.11,71.28,71.9,71.45,72.16,72.00999999999999,75.63,
109,112,88,66,65,111,84,108,110,55,42,156,112,145, , ,
155,85,103,73,46,85,82,79,96,22,36,142,120,183, , ,
24,25,27,28,29,30,31,32,33,34,35,36,37,38,39,40,
72.31,73.19,72.02,72.77,71.29,72.1,71.32,71.25,71.12,71.24,70.62,71.72,72.58,71.66999999999999,71.57,73.55999999999999,
89,151,72,118,31,100,58,80,59,32,35,132,166, , , ,
104,153,91,55,67,91,60,91,103,99,83,124,232, , , ,
24,25,26,27,28,29,30,31,32,33,36,37,40,
71.66,71.93,71.87,71.12,70.92,71.99,70.47,71.02,71.23,70.54,71.47,71.69,69.79,
123,152,153,69,51,136,38,110,132,50,134,152,4,
106,133,52,21,96,113,70,69,118,89,171,178,137,
21,22,23,24,25,26,27,28,29,30,
69.59,69.99,70.3,71.09,70.72,71.46,71.47,71.15,70.64,69.96,
9,9,25,93,45,133,131,94,66,9,
9,14,33,29,52,18,69,46,60,
23,24,25,26,27,28,29,30,31,32,33,
72.27,71.30999999999999,71.06,71.62,71.27,71.11,71.62,70.76,70.7,71.04,70.04,
 , ,107,151,124,98,155,28,35,124,12,
 , ,40,117,111,62,117,52,43,49,101,
24,25,26,27,28,29,30,31,32,33,34,35,36,
71.91,71.19,70.62,70.5,69.9,70.31,71.07,72.45,71.07,70.85,70.92,70.28,70.04,
 ,47,46,59,6,28,88,194,91,38,55,21,12,
 ,112,71,45,23,23,56,184,150,161,166,129,90,
23,24,25,26,27,28,29,30,31,32,33,34,
73.36,72.25999999999999,70.94999999999999,72.08,70.58,70.38,70.67,70.79,70.27,70.96,70.22,70.07,
189, , ,181, ,16,37,41,7,63,19,16,
210, , ,191, ,39,51,64,58,115,40,13,
22,23,24,25,26,27,28,29,30,31,
71.28999999999999,70.39,70.94,71.02,71.14,69.97,70.56,71.36,70.47,70.13,
 ,30,95,77,104,5,18,120,37,21,
 ,39,47,70,111,63,42,101,67,55,
23,24,26,27,28,29,30,31,32,33,34,35,36,37,
72.92999999999999,72.00999999999999,72.12,71.08999999999999,70.39,70.76,69.91,70.69,70.73,70.51,70.66,70.44,70.35,70.26,
 , ,152, ,48,75,8,42,46,17,23,13,25,32,
 , ,186, ,63,82,22,69,126,102,100,37,78,127,
25,26,27,28,29,30,31,32,33,34,35,36,
71.21,70.11,70.43,71.24,71.32,71.06,71.58,72.24,71.53,70.86999999999999,70.05,70.27,
50,10,52,133,135,87, ,184, , ,9,34,
114,41,75,106,142,156, ,203, , ,89,91,
23,24,25,26,27,28,29,31,32,33,
72.41999999999999,71.67999999999999,70.66,70.76,70.78,69.89,71.23,70.38,70.54,70.3,
 , ,62,75,50,5,111,10,52,36,
 , ,70,48,75,19,58,64,51,23,
23,24,26,27,28,29,30,31,32,33,34,
72.47,71.6,70.93,71.1,70.75,70.49,71.04,70.55,70.87,69.88,70.31,
 , ,94,112,46,21,84,17,51,4,37,
 , ,107,53,71,21,32,22,45,29,11,
23,24,25,26,27,28,29,30,31,32,33,36,
72.05,72.41,72.85,72.47,71.89999999999999,72.36999999999999,71.08999999999999,73.16,71.21,71.56,72.0,70.36,
 , ,183, , , , ,194, ,146,174,44,
 , ,181, , , , ,217, ,66,167,109,
25,26,27,28,29,30,31,32,33,34,36,37,38,39,40,
70.53,70.63,70.92,71.0,71.08,69.9,70.5,70.27,69.9,69.69,70.63,70.5,71.44,70.76,70.37,
20,29,45,59,39,5,59,25,7,5,23,15,133,91,47,
14,14,9,36,15,3,15,5,9,2,28,20,20,36,3,
29,30,31,32,33,34,35,36,37,38,39,
71.19,70.6,70.56,70.81,71.12,71.12,70.65,70.4,71.01,71.52,70.39,
106,67,43,83,96,99,25,12,69,162,50,
134,65,17,30,26,40,27,5,16,93,33,
23,24,25,26,27,28,29,30,31,32,33,
72.32,71.75999999999999,72.53999999999999,71.03,70.85,70.92,70.76,70.97,71.13,71.17,70.43,
 , , , , ,66,38,59,91,141,52,
 , , , , ,121,92,65,13,118,86,
23,24,25,26,27,28,29,30,31,32,33,34,
73.19,72.29,70.89,70.22,71.12,71.47,71.09,71.12,70.97,71.54,71.22,70.43,
 ,185, ,21,115,142,95,101,59,146,148,52,
 ,171, ,25,39,109,99,57,24,103,28,75,
26,27,28,29,30,31,32,33,34,35,
70.53999999999999,70.54,69.91,71.03,70.67,70.9,72.01,70.37,70.43,70.48,
 ,41,8,80,37,60,175,9,32,60,
 ,81,7,24,20,14,49,24,48,96,
23,24,25,26,27,28,29,30,31,32,33,34,
72.08999999999999,71.82,70.63,70.98,70.73,70.94,70.69,70.84,71.39,71.07,70.56,70.48,
 , ,72,100,69,69,41,53,126,84,53,60,
 , ,49,116,96,93,87,29,89,111,80,84,
26,27,28,29,30,31,32,33,34,35,36,37,38,
72.11,72.39,70.93,70.1,70.58,71.23,70.84,71.21,70.32,70.89,70.11,70.35,70.49,
 ,171,70,30,47,127,60,112,12,44,2,25,65,
 ,206,102,41,69,137,122,115,88,86,31,13,56,
27,28,29,30,31,32,33,34,35,36,37,38,
71.18,70.38,70.44,70.25,70.11,70.78,70.89,70.48,71.12,70.64,70.81,70.53,
45,27,54,23,17,50,63,16,81,25,98,71,
126,16,16,20,24,44,63,56,27,11,42,18,
29,30,31,32,33,34,35,36,37,38,39,42,43,44,
71.48,71.27,71.01,71.24,70.93,70.98,69.57,70.62,70.85,71.01,71.54,71.22,70.68,70.53,
116,85,56,87,29,73,7,56,86,75,150,101,77,71,
128,49,25,69,101,97,23,29,54,105,81,108,92,141,
23,24,26,27,28,29,30,31,32,33,34,
72.93,72.24,71.66999999999999,71.5,71.47999999999999,71.28,70.69,70.89,72.08,70.86,70.53,
185, , , , ,123,32,44,188,107,71,
213, , , , ,77,91,91,130,147,149,
22,26,27,28,29,30,31,32,33,34,35,
72.96,70.97,71.51,71.22,71.04,70.56,71.04,70.13,71.17,70.66,70.54,
 , ,154,126,83,30,84,3,98,73,74,
 , ,76,80,72,50,77,30,63,32,30,
22,23,24,25,26,27,28,29,30,31,32,33,34,35,36,
70.25,70.82,70.49,70.8,70.0,70.1,70.76,70.03,70.1,70.62,70.3,70.8,70.65,71.1,70.55,
 ,38,18,17,8,30,75,14,10,34,10,32,26,132,75,
 ,29,31,32,10,26,73,35,5,43,15,25,9,17,52,
26,27,29,30,31,32,33,34,35,36,37,39,40,
72.36999999999999,73.19,71.49,71.05,71.33,70.56,70.56,71.22,71.72,70.91,71.58,71.39,70.57,
 ,194, ,89,147,43,51,115,164,63,141,158,78,
 ,250, ,104,136,105,32,82,146,46,108,180,88,
27,28,30,31,32,33,34,35,36,37,39,40,41,42,
72.0,72.12,71.78,71.83,70.8,71.2,71.07,71.14,71.08,71.45,71.21,71.52,71.03,70.62,
162,167, ,126,59,131,109,119,91,139, ,144,122,82,
145,175, ,144,109,106,125,101,120,163, ,137,184,167,
23,24,25,26,27,28,29,31,32,33,35,36,
72.75,71.28,72.33,71.92999999999999,71.65,72.36,71.34,71.97,72.14999999999999,71.17999999999999,70.36,70.7,
 , , , ,167,193,137, , , , ,97,
 , , , ,77,136,134, , , , ,112,
32,34,35,36,37,38,39,40,41,42,43,
72.00999999999999,70.53,70.66,70.21,71.19,71.25,71.68,70.92,71.23,70.52,70.72,
 , ,62,20,109,118,160,48,105,47,99,
 , ,86,36,65,44,132,92,107,54,85,
24,25,26,27,28,29,30,31,32,33,
71.89,71.89,71.53999999999999,71.08,71.37,71.5,72.11,71.28999999999999,70.99,70.79,
 , , , ,130,138, , ,115,106,
 , , , ,161,162, , ,66,93,
23,24,25,26,27,28,29,30,31,32,
71.58,70.86,70.85,70.51,70.51,71.19,71.17,71.38,70.68,70.8,
163,88,86,23,22,105,91,122,77,109,
95,64,45,61,33,5,14,15,8,29,
23,26,28,29,30,31,32,33,34,35,36,37,
72.47999999999999,73.07,71.36,72.11,71.33999999999999,70.92999999999999,71.25,72.03,71.81,71.55999999999999,70.39,70.91,
 , ,148, , , , , ,165, , ,122,
 , ,176, , , , , ,169, , ,148,
23,24,25,26,27,28,29,30,31,32,33,34,35,
71.47999999999999,71.79,71.01,71.12,72.36,70.61,71.02,71.31,70.84,70.9,70.92,70.65,70.96,
 ,124,80,120,193, ,77,125,53,46,55,70,126,
 ,137,92,139,216, ,49,37,86,69,102,132,143,
28,29,32,33,34,35,36,37,38,39,40,41,
71.64999999999999,72.55,71.59,71.35,71.07,72.17,72.41,71.13,70.88,71.54,70.84,71.04,
 , ,165, ,108,180, , ,42,146,104,136,
 , ,163, ,87,175, , ,113,97,149,188,
26,28,29,30,31,32,33,34,36,37,38,39,
73.85,72.0,71.09,70.02,70.31,70.57,70.56,71.26,70.78,71.09,70.72,71.06,
 ,138,92,24,26,53,28,120,29,88,85,138,
 ,172,139,50,72,106,107,152,112,82,116,77,
22,23,24,25,26,27,28,29,30,31,32,33,
72.01,71.22,71.28,70.94,71.15,70.88,71.41,70.8,70.49,71.05,70.75,71.17,
139,109,141,95,120,64,136,46,14,79,90,145,
108,36,52,68,41,16,89,12,6,56,18,54,
30,31,32,33,34,35,36,37,38,39,40,
72.8,70.69,70.5,70.19,70.66,71.15,70.98,71.08,71.39,70.85,71.18,
 , ,38,19,38,107,73,74,124,106,149,
 , ,89,68,31,48,17,62,47,94,180,
30,31,32,33,34,35,36,37,38,39,
72.16,72.58,70.6,71.16,71.0,72.08,70.83,70.8,71.89,71.23,
 ,198,58,104,79, , ,41, ,152,
 ,206,51,137,178, , ,168, ,197,
24,25,26,27,28,29,30,31,32,33,34,35,
71.22,71.4,72.18,71.14,71.65,71.02,70.80999999999999,71.57,71.04,70.73,71.1,71.31,
 ,123,184,121,152, , ,147,68,37,132,156,
 ,117,148,142,157, , ,85,103,40,84,159,
19,20,21,22,23,24,25,26,27,28,29,
71.12,69.6,70.57,71.07,70.56,70.24,71.45,70.45,70.6,70.62,71.54,
97,10,46,108,28,9,132,13,20,60,171,
42,6,12,95,9,10,49,9,4,74,104,
22,23,24,25,26,27,28,29,30,34,36,37,38,
71.00999999999999,70.76,70.45,70.37,69.6,70.24,69.9,69.58,70.6,72.1,73.73,72.13,71.59,
 ,39,17,12,1,4,5,8,53,181,197,180,174,
 ,11,10,2,1,2,7,8,80,172,219,130,106,
29,30,31,32,33,34,35,36,37,38,39,40,41,42,
71.32,70.23,71.28,69.64,70.46,70.65,70.44,71.03,72.0,70.79,71.25,71.17,71.13,71.62,
 ,6,61,3,57,60,36,80,179,41,104,98,135,175,
 ,35,75,13,44,52,21,18,95,61,26,87,124,161,
25,26,28,29,30,31,32,33,34,35,36,
73.7,73.32,72.77,71.28,70.53,71.23,71.5,71.32,71.71,70.72,71.64,
190, , , ,25,116,138,118,165,85,176,
230, , , ,36,24,76,127,191,100,177,
27,28,29,30,31,32,33,34,35,36,37,38,39,
71.78,71.1,70.42,70.06,70.79,69.89,70.71,71.8,70.76,71.16,70.68,70.63,71.77,
137,42,34,27,80,6,45,168,38,88,33,63,178,
131,23,6,11,78,5,14,56,33,35,14,26,151,
27,28,29,30,31,32,33,34,35,37,38,39,40,41,
72.16999999999999,72.22,71.55,72.16999999999999,73.24,72.02,72.86,70.88,71.54,71.24,71.22,72.53,70.75,72.07,
 ,172, , ,195, , , ,148, ,100, , ,184,
 ,218, , ,221, , , ,143, ,171, , ,196,
29,32,33,34,35,37,38,39,40,41,42,43,44,
73.03,72.57,72.36999999999999,72.36999999999999,72.47999999999999,72.18,72.14,71.44999999999999,72.02,70.52,71.61,71.83999999999999,72.22,
 ,175, , , ,177, , ,176, , , ,188,
 ,212, , , ,203, , ,191, , , ,205,
28,29,30,31,32,33,34,35,36,37,38,40,41,42,
72.66,72.07,71.91,72.13,72.1,71.42,72.02,71.89,72.86,72.14999999999999,73.03999999999999,73.46,71.6,72.48,
 , , , , ,153, , , , , , , ,190,
 , , , , ,171, , , , , , , ,216,
21,22,23,24,25,26,27,28,29,30,31,33,
69.75,70.1,69.56,68.17,68.87,69.0,69.38,69.68,69.11,68.73,69.1,68.84,
1,3,1,1,1,1,3,4,1,1,1,1,
1,4,1,1,1,1,2,4,1,1,1,1,
25,26,27,28,29,30,31,32,33,34,35,36,37,
71.22,71.28,71.33,70.99,70.75,71.2,70.6,70.45,70.54,70.77,71.75,71.48,70.17,
 ,92,68,76,82,129,58,18,24,40,157,138,15,
 ,63,79,79,66,96,83,48,79,98,131,163,112,
31,32,33,34,35,36,37,38,39,40,
72.39999999999999,71.36999999999999,70.48,70.98,71.45,71.4,70.78999999999999,70.93,70.6,71.28999999999999,
 , ,43,73,139,127, ,59, , ,
 , ,104,63,118,165, ,128, , ,
28,29,30,31,32,33,34,35,36,38,
71.63,72.02,71.72999999999999,72.18,71.25,72.14,71.45,71.86,71.08,70.62,
 ,175, ,188, , ,139, ,74,60,
 ,184, ,192, , ,171, ,136,169,
28,29,30,31,32,33,34,35,36,37,38,
72.33,71.96,71.09,70.56,71.75,71.99,72.32,71.54,71.57,71.39,70.83,
168,173,116,43,162,169,188,143,139,124,101,
67,146,109,7,71,183,113,126,119,140,122,
24,27,28,29,30,31,32,33,34,35,38,39,
71.51,71.24,70.55,70.46,70.6,71.01,70.77,71.49,71.14,71.25,71.14,71.32,
120,87,8,37,67,103,77,145,104,115,137, ,
94,190,49,40,79,60,16,34,53,135,166, ,
28,29,30,32,33,37,39,41,42,43,44,45,46,
71.53,71.43,73.1,71.28,71.45,71.88,70.59,70.32,70.24,71.24,70.83,71.22,71.33,
124,108, ,95,108,163,51,14,9,112,34,101,156,
124,172, ,146,172,201,155,80,9,70,81,46,167,
23,25,26,27,28,29,30,31,32,33,34,35,
71.83,72.03999999999999,71.49,71.64,71.66,72.19999999999999,69.99,72.2,71.02,71.03,71.4,71.25,
 , ,154, ,153, , ,182,64,75,159, ,
 , ,178, ,177, , ,118,88,134,155, ,
28,29,30,31,32,33,34,35,36,37,38,39,40,41,42,
73.33999999999999,72.14,71.99,72.85,71.6,72.05,71.07,70.64,70.81,71.15,71.05,71.16,70.96,71.51,70.71,
 , ,148,183, ,182,109,62,53,107,89,88,63,161, ,
 , ,171,218, ,201,131,122,119,123,101,134,177,171, ,
23,25,26,27,28,29,30,31,32,33,34,35,36,
73.05,72.0,72.44999999999999,72.19999999999999,71.44999999999999,71.41,70.83999999999999,70.67,71.47999999999999,71.68,71.32,71.63,71.72999999999999,
 , , , , ,144, ,37, ,150, ,165, ,
 , , , , ,151, ,143, ,192, ,188, ,
23,24,25,26,27,28,29,30,31,32,33,35,36,
73.63,71.6,72.49,72.22999999999999,71.11,71.4,71.28,70.88,71.31,71.57,72.02,71.88,72.25,
 , , , , ,144,133,64,125,147,176,172, ,
 , , , , ,159,173,86,141,128,94,232, ,
30,31,32,34,35,36,37,38,39,40,41,
73.58999999999999,72.80999999999999,72.03,71.75,72.63,72.27,71.83999999999999,71.61999999999999,72.07,72.12,71.94999999999999,
 , , , , , , , , ,179, ,
 , , , , , , , , ,216, ,
24,25,26,28,29,30,31,32,33,34,35,37,
72.11999999999999,72.62,72.28,72.92999999999999,71.97,72.25,71.89999999999999,71.72999999999999,71.61,71.63,71.29,70.56,
 ,181,174, , , , , , , ,118,18,
 ,188,182, , , , , , , ,123,126,
23,27,28,30,34,35,36,37,38,39,40,43,44,45,46,
73.16,72.27,73.08,72.66,71.73,72.16999999999999,71.17999999999999,70.68,70.63,70.63,71.23,71.38,70.92,71.66999999999999,71.05999999999999,
179, ,177, ,134, , ,74,57,61,117, ,55, , ,
210, ,192, ,162, , ,140,143,154,153, ,181, , ,
25,26,27,28,29,30,31,32,33,37,38,39,40,
72.28999999999999,72.22999999999999,72.74,72.87,71.78999999999999,72.07,71.35,71.68,73.07,71.69,71.13,71.05,72.24,
 , , ,190, , , ,169, , ,84,79, ,
 , , ,234, , , ,192, , ,128,171, ,
25,26,27,28,29,30,31,32,33,34,35,36,37,38,40,
71.86,71.68,71.29,71.09,70.71,70.7,70.14,71.08,71.08,71.12,71.52,70.47,71.32,71.22,71.17999999999999,
 ,138,89,68,13,54,34,113,111,96,147,15,118,101, ,
 ,138,107,45,44,53,19,93,49,58,147,44,139,149, ,
24,26,27,29,30,31,32,34,35,36,37,
72.23,71.39999999999999,71.97,71.89999999999999,71.11999999999999,71.92999999999999,72.08999999999999,71.86999999999999,71.24,71.39999999999999,72.28999999999999,
173, , , , , , , ,106, , ,
214, , , , , , , ,197, , ,
23,24,25,26,27,28,30,31,32,33,34,
71.22,71.11,71.2,71.31,71.8,72.53,72.64,71.33,71.25,71.61,71.36,
 ,94,131,139,166, , , ,108, , ,
 ,68,128,147,218, , , ,186, , ,
28,29,30,31,32,33,34,35,36,37,38,39,40,41,42,
71.68,70.92,70.29,70.24,70.77,71.47,70.34,70.02,71.42,71.12,70.16,71.09,70.64,70.7,71.25,
126,54,7,8,33,88,21,24,145,115,11,95,24,26,108,
120,84,53,12,14,36,8,31,63,118,40,109,71,90,143,
23,24,25,26,27,28,29,30,31,33,34,35,36,37,38,
71.44999999999999,71.02,72.27,72.30999999999999,71.33999999999999,70.81,70.94,72.5,71.46,71.88,70.92999999999999,71.94,71.64,71.64,71.88,
 , ,171, , ,19,71,191,150, , , , ,158, ,
 , ,141, , ,92,35,167,150, , , , ,183, ,
24,25,26,27,28,29,30,31,32,34,35,37,
72.25999999999999,72.25999999999999,72.25999999999999,71.11999999999999,71.92,71.71,70.42999999999999,70.77,71.79,71.48,71.85,71.92999999999999,
 , , , ,176, , ,49,166,132,176, ,
 , , , ,186, , ,15,59,102,156, ,
25,26,27,28,29,30,31,32,33,34,36,37,
71.93,71.82,70.96,70.79,71.03,70.74,70.81,71.29,71.22,71.25,70.92999999999999,71.49,
146,125,72,87,105,72,53,124,109,104, , ,
183,124,137,122,124,100,128,112,93,205, , ,
27,30,31,32,33,34,35,36,37,38,39,40,
73.41,71.97,71.52,71.25,70.96,70.99,72.23,72.58999999999999,71.78,71.66,72.91,72.71,
 , , ,137,97, ,187, , ,148, , ,
 , , ,146,154, ,218, , ,152, , ,
26,27,28,29,30,31,32,33,34,35,36,37,38,
72.67999999999999,71.85,73.16,71.11,71.17,71.59,71.0,71.77,71.65,72.13,71.81,72.63,72.19,
 , , , ,127,165,102, ,159, ,165, , ,
 , , , ,83,134,162, ,174, ,184, , ,
26,27,28,29,30,31,32,33,34,35,36,37,
71.75999999999999,71.3,70.58,70.85,70.89,70.85,70.51,70.68,70.73,70.64,71.58,70.96,
 , ,22,40,28,62,61,67,69,36,153,69,
 , ,62,49,19,85,74,113,111,57,176,133,
27,28,29,31,43,44,45,46,47,48,
71.46,70.19,70.52,71.73,69.8,71.48,71.73,71.22,71.09,71.13,
45,2,10,127,18,151,158,115,95,102,
13,10,23,73,22,119,121,83,84,138,
25,26,27,28,29,30,31,32,33,34,35,36,37,38,
71.69999999999999,72.65,70.25,71.64,72.38,70.96,70.44,70.72,71.75,71.3,71.33,71.37,72.07,71.44,
 ,182, ,126,170, ,54,72,162,127,128,124, , ,
 ,206, ,144,184, ,58,43,131,115,154,195, , ,
24,25,26,27,28,29,30,31,32,33,36,
71.2,70.89,71.37,71.13,71.15,71.76,71.35,71.42,71.56,71.55,72.33,
78,46,73,100,125,174,138,135,151,144, ,
53,81,90,67,51,141,115,84,107,155, ,
24,25,26,28,29,30,31,32,33,34,35,36,
72.36,71.8,71.82,71.44,71.53,71.18,70.62,71.07,70.99,72.42999999999999,73.53999999999999,71.82,
 , , , ,98,104,71,109,99, , ,169,
 , , , ,147,163,88,132,160, , ,209,
25,26,27,28,29,30,31,32,33,34,35,36,38,
72.46,72.11,71.18,71.57,71.63,70.98,71.95,70.94,71.4,71.69999999999999,71.0,71.89,71.99,
 , ,76,121,107,73,178, ,143, ,79,171, ,
 , ,116,109,123,108,204, ,168, ,110,164, ,
28,34,36,37,38,39,40,41,42,43,44,45,48,
72.59,71.55,71.14,71.34,71.73,70.88,70.84,70.63,71.12,70.95,71.0,72.0,72.17999999999999,
175,124, ,99,117,66,92,57,115,70,79,175, ,
214,190, ,104,66,78,98,65,28,102,74,158, ,
24,25,26,27,28,29,30,31,32,33,
72.34,72.11,71.47999999999999,71.61999999999999,71.16,71.94999999999999,71.72,71.25999999999999,71.19,70.33999999999999,
188, , , ,110, , , , , ,
196, , , ,166, , , , , ,
26,27,28,29,30,31,32,33,34,35,36,37,39,40,
74.72999999999999,75.36999999999999,73.36,71.64999999999999,71.99,71.00999999999999,71.54,71.39999999999999,71.0,70.68,70.2,71.39,71.53,72.1,
 , , , , , ,119, ,78,74,19,142,149, ,
 , , , , , ,165, ,101,119,120,124,199, ,
24,25,26,27,28,29,30,31,32,33,34,35,36,37,38,
71.89,72.66,71.02,71.98,71.19999999999999,71.45,71.18,70.56,72.07,71.87,71.42999999999999,70.64999999999999,71.83,71.3,72.08,
 , , ,161, ,110,45,42,183,176, , ,169, , ,
 , , ,174, ,117,76,26,141,168, , ,164, , ,
28,29,31,32,34,35,36,39,40,41,42,43,44,45,
71.56,71.88,71.86,72.30999999999999,71.57,71.62,71.75,71.66999999999999,71.39,71.88,72.6,71.42999999999999,71.92,72.13,
108,104, , , ,132,130, ,151, , , ,177, ,
169,171, , , ,186,188, ,164, , , ,209, ,
29,30,31,32,33,34,35,36,37,38,39,
71.9,71.86,72.11,71.54,71.28,72.13,72.61,71.66,72.04,71.74,73.24,
152,140,149,138,141,183, , ,181, , ,
142,80,83,103,126,205, , ,220, , ,
31,32,34,35,36,37,38,39,41,42,
71.38,71.79,71.64999999999999,71.07,71.01,71.79,71.12,71.16,71.1,72.41,
89,142, , ,34,154,120,125,94,193,
125,158, , ,27,51,64,151,117,188,
27,28,29,30,31,32,33,34,35,36,37,38,39,40,41,
74.5,73.57,72.87,73.02,72.00999999999999,72.71,72.58999999999999,72.39,71.46,72.66,71.72999999999999,72.99,71.83999999999999,71.77,72.59,
 ,182,174, , ,184, , ,83, , , , , ,198,
 ,246,173, , ,226, , ,182, , , , , ,221,
28,29,30,31,32,33,34,35,36,37,
72.80999999999999,72.66999999999999,71.58999999999999,72.83999999999999,71.68,71.13,71.72,71.92,71.75,72.89,
 , , , ,146,122,172,172,163,201,
 , , , ,136,113,34,146,152,206,
28,29,30,31,32,33,34,35,36,37,38,39,
71.89999999999999,71.77,71.36,72.27,72.83999999999999,70.97,72.07,70.97,71.27,71.92999999999999,72.14,71.88,
 , , ,164, , ,180,98,124, , , ,
 , , ,189, , ,129,181,161, , , ,
23,24,25,26,27,29,30,31,32,33,34,35,38,39,40,
72.25,71.91999999999999,71.58,72.33,72.05,70.89999999999999,72.16,71.73,71.01,70.68,71.93,71.35,71.53999999999999,74.11,72.89,
 , ,110,178, , ,157,150,109,67,173,131, , , ,
 , ,101,191, , ,177,125,135,51,158,130, , , ,
24,25,26,27,28,30,31,32,33,34,35,37,
71.19999999999999,72.43,71.72999999999999,72.07,71.75,72.33999999999999,70.8,70.37,70.77,71.37,72.3,72.44999999999999,
 ,181, , , , , ,27,77,133, , ,
 ,206, , , , , ,123,123,168, , ,
25,26,27,28,31,32,33,35,36,37,38,39,
71.99,71.39,71.23,71.67,72.08999999999999,72.03,71.41999999999999,70.8,72.09,72.41999999999999,72.89999999999999,73.61999999999999,
 ,90,89,136, , , ,80,173, , , ,
 ,40,52,161, , , ,138,195, , , ,
26,27,28,29,30,31,32,33,34,35,37,
71.44,71.19,71.17,71.04,70.9,71.21,71.63,71.03,70.71,70.97,72.14,
77,69,82,59,42,81,107,84,80,98,177,
50,46,65,43,63,98,39,95,102,37,55,
30,31,32,33,34,35,36,37,38,39,
71.71,71.52,71.5,71.41999999999999,72.29,71.94999999999999,73.08,73.14999999999999,73.28,72.41,
148,157,153, ,188, , , , , ,
156,150,187, ,197, , , , , ,
24,25,26,27,28,29,30,31,32,33,
71.89,71.84,71.72,71.88,71.44999999999999,70.66,71.54,71.57,70.84,73.1,
150,150, , , ,51,160,161,85, ,
183,155, , , ,64,99,117,147, ,
28,29,30,31,32,33,34,35,36,37,38,39,40,42,
73.24,72.08999999999999,71.93,71.26,72.0,71.58,70.92,71.09,71.47,71.22,71.7,70.95,71.11,71.89999999999999,
 , ,123,75,162,128,45,68,88,109,171,96,113, ,
 , ,130,63,114,142,71,114,55,91,184,158,184, ,
25,26,27,28,29,30,31,32,33,34,
72.17999999999999,71.89,71.21,72.15,71.11999999999999,70.95,71.73,72.5,71.80999999999999,71.67,
 , ,77,169, ,30,150, , ,154,
 , ,113,164, ,93,158, , ,155,
26,27,28,29,30,31,32,33,35,39,40,
71.86,71.41999999999999,71.52,71.78,71.45,71.26,71.26,71.89,72.78999999999999,72.13,71.66999999999999,
 , , , ,130,138,136,171, , , ,
 , , , ,56,162,167,176, , , ,
24,25,26,27,28,29,30,31,32,33,34,35,
72.00999999999999,71.59,71.69,71.66,71.63,70.89,72.09,71.52,72.39,71.47999999999999,72.3,73.52,
 ,112,134,135,121,46,148,135,189, ,179, ,
 ,96,124,120,146,132,153,140,200, ,175, ,
22,23,24,25,26,27,30,35,37,38,
71.89,72.1,71.86999999999999,71.37,71.58,72.69,70.58,72.52,73.05,73.05,
141, , ,99,122,179,47, , , ,
190, , ,96,89,150,33, , , ,
24,26,27,28,29,30,31,32,33,34,35,
73.11999999999999,72.05999999999999,71.19999999999999,71.38,72.08999999999999,72.39999999999999,71.86,71.47,70.77,71.14,71.78999999999999,
 , , , , , , , , ,121, ,
 , , , , , , , , ,164, ,
25,27,28,29,30,31,32,33,34,35,36,37,38,39,
72.23,71.80999999999999,71.82,71.62,71.48,71.67,71.4,71.87,71.24,70.7,71.87,70.84,71.18,71.2,
151, ,149,127,80,124,106,153,84,27,130,61,129,129,
166, ,161,133,119,111,86,94,70,37,96,99,87,146,
25,26,28,29,30,31,32,33,34,35,36,37,
72.77,73.04,71.64999999999999,71.08,72.65,71.41,72.26,71.83,71.14,71.72,72.44999999999999,72.64999999999999,
 ,180, , ,186,104,163, ,124,172, , ,
 ,229, , ,196,95,194, ,137,178, , ,
26,27,28,29,30,31,32,33,34,35,36,37,38,40,
72.74,72.75,71.88,71.56,70.63,71.64,71.49,72.06,71.41,71.01,71.17,72.28,72.83,73.99,
 , , ,106,29,134,111,155,78,80,127,192, , ,
 , , ,132,134,110,110,147,135,107,130,198, , ,
24,25,26,27,28,29,30,31,32,33,34,35,40,42,43,
72.62,72.67,72.01,72.15,70.93,72.05,72.03,71.3,71.75,71.15,71.85,71.92,71.97999999999999,71.16,72.49,
115,109,96,107,27,143,146,43,141,81,117,143, , ,196,
117,97,102,152,89,83,163,84,149,48,80,169, , ,215,
26,32,33,34,35,36,37,38,39,41,42,43,44,45,46,
73.77,71.39,71.88,71.27,71.43,70.52,71.16,72.54,71.61999999999999,73.00999999999999,71.85,71.97,72.42999999999999,72.13,71.08,
 ,102,149, ,80,40,126,197, , , , , , , ,
 ,124,153, ,78,44,121,189, , , , , , , ,
30,31,32,33,34,35,36,37,38,39,40,41,42,43,44,
71.82,71.33,71.93,71.21,71.11,71.24,72.24,72.55,71.13,71.42,72.39,72.12,71.95,71.18,72.59,
123,80,114,97,77,58,155,184,66,103,172,152,172,129,200,
73,104,116,71,74,9,109,199,132,102,176,192,187,160,201,
23,24,25,26,27,28,29,30,31,32,33,
72.61999999999999,71.71,71.97,71.28,71.68,71.86,71.76,71.35,71.3,72.15,71.02,
 , ,128,76,132,152,131,100,63,184,110,
 , ,116,74,39,131,80,67,20,148,144,
27,28,29,30,31,32,33,34,35,36,40,41,
71.52,72.04,71.64,72.34,70.91,70.45,70.75,71.33,72.86,71.68,71.94,72.32,
78,140,117,156,64,26,27,82,186,138, ,187,
31,127,136,118,69,22,44,90,219,139, ,208,
24,25,26,27,28,29,30,31,32,33,34,35,37,
72.86,72.84,73.07,71.03999999999999,71.61,70.75,71.9,72.17999999999999,71.44999999999999,72.05,71.13,72.59,71.58999999999999,
179,184, , ,115, ,155, , ,142,100,192, ,
211,203, , ,156, ,173, , ,159,130,212, ,
29,30,31,32,34,35,36,37,38,39,
73.25999999999999,73.41,72.89999999999999,72.61,72.53,71.94999999999999,71.97,72.11,71.97999999999999,73.25,
 , , ,169, , , , , ,194,
 , , ,197, , , , , ,219,
24,25,26,27,28,29,30,31,32,33,34,38,
72.91,70.71,71.52,71.46,70.87,73.52,71.33,71.83,71.38,72.16,71.46,72.6,
 ,45,119,79,39,188,97,142,102,157,131, ,
 ,91,104,79,13,198,128,119,124,168,168, ,
26,27,28,29,30,31,33,34,35,36,37,38,39,
72.50999999999999,72.96,71.46,71.94999999999999,71.83999999999999,72.57,71.91,71.4,72.12,71.52,71.88,72.35,73.44999999999999,
 , ,113, , , , ,103,152,135, , , ,
 , ,137, , , , ,57,166,162, , , ,
28,30,31,33,37,38,39,40,42,43,44,45,
72.95,72.41999999999999,72.75,72.18,70.94,71.23,72.24,71.78,71.86,72.27,72.55999999999999,72.25999999999999,
175, ,183,146, ,84,161,153, , , , ,
183, ,200,168, ,100,95,141, , , , ,
25,26,27,28,29,30,31,32,33,34,35,36,37,38,39,
72.50999999999999,72.33999999999999,71.27,71.94,72.01,71.37,71.06,71.12,71.5,71.57,71.88,71.42999999999999,71.46,71.69999999999999,71.88,
 , ,90,124,147,102,60,69,115, ,163, , , , ,
 , ,105,110,129,109,69,92,139, ,192, , , , ,
26,27,29,31,32,33,34,37,38,39,40,41,42,43,49,
72.67,72.09,71.3,71.62,71.92999999999999,72.48,71.71,70.8,71.53,71.86,71.92,72.08,72.36,72.16,73.47999999999999,
149,135,77,131, ,163,129, ,117,128,168, , , , ,
190,155,166,169, ,126,160, ,33,130,166, , , , ,
28,29,30,31,32,34,35,36,37,38,39,43,
72.04,72.39,71.5,71.56,72.32,71.96,71.6,71.35,71.21,71.42,71.92,73.08,
150,159, ,122,152, , ,96,81,79,168, ,
152,154, ,116,141, , ,105,126,142,202, ,
25,26,27,28,29,30,31,32,33,34,35,36,37,38,
71.9,70.97,72.07,71.94,71.0,71.26,71.14,72.14,71.53999999999999,71.2,72.08,72.39999999999999,71.71,72.30999999999999,
107,69,151, , ,94,69,168, ,48,177, , , ,
126,139,167, , ,140,74,184, ,136,189, , , ,
28,29,30,31,32,33,34,36,37,39,40,
72.05,72.91,73.32,71.78,72.02,72.37,71.91999999999999,71.97999999999999,72.05999999999999,73.39,73.27,
 , , , , ,188, , , , , ,
 , , , , ,193, , , , , ,
24,25,26,27,28,29,30,31,32,33,34,35,37,
71.22,70.97,71.06,70.84,71.37,71.33,71.63,71.15,71.35,70.92,71.7,72.87,72.78999999999999,
71,20,77,42,72,82,129,71,96,51,114,194, ,
159,48,28,45,31,70,78,71,111,65,122,214, ,
27,28,29,30,31,32,33,34,35,36,37,38,39,40,41,
72.39,72.22,71.8,72.28,72.17,71.4,71.49,71.13,72.01,72.69,71.62,71.29,71.02,72.24,71.46,
127,115,100,153,160,49,120,79,129,174,128,87,57,162,83,
28,43,97,105,100,78,77,63,83,213,121,96,32,136,145,
22,24,25,26,27,28,29,30,31,32,33,34,35,36,37,
72.91,72.21,72.56,70.58,70.59,71.61,70.79,70.44,71.33,71.06,70.81,71.38,71.91,72.04,72.15,
132,114,161,18,10,70,49,25,67,52,45,101,154,151,156,
148,107,166,124,50,25,18,19,4,51,8,76,145,161,179,
23,24,26,27,28,29,30,31,32,33,
72.19,71.88,70.85,70.99,71.95,71.78999999999999,71.19,71.2,72.31,73.39,
146,154, ,47,157, , ,79,167, ,
136,170, ,65,165, , ,75,162, ,
25,26,27,28,29,30,31,32,33,34,35,39,43,44,45,
73.28,72.08,72.8,72.83,72.33,71.91,71.83,72.0,71.69,72.4,71.55999999999999,73.11999999999999,70.8,71.42999999999999,72.11999999999999,
 , , , , , ,149, ,130,172, , , , , ,
 , , , , , ,157, ,113,156, , , , , ,
24,25,26,27,28,29,30,31,32,33,34,
72.72,72.32,71.72,71.66999999999999,71.47999999999999,72.13,71.67999999999999,72.03,71.73,73.14,71.82,
 , , , , ,172, , ,134,187, ,
 , , , , ,243, , ,152,214, ,
25,26,27,28,29,30,31,39,40,41,42,43,
70.75,71.1,71.89,71.7,72.21,71.1,72.09,71.21,71.17,71.4,70.81,71.09,
5,18,73,51,84,17,99, ,82,103,37,68,
33,21,30,31,78,60,142, ,130,129,170,194,
32,33,34,35,43,44,45,46,48,49,
72.0,72.14,72.2,73.26,70.7,71.28,71.61,71.25,70.48,71.32,
75,104,83,160,34,64,115,93,18,98,
65,112,103,138,68,81,163,154,140,134,
37,38,39,40,41,42,43,44,45,47,48,
72.94999999999999,73.3,72.46,71.57,72.57,72.21,71.22999999999999,70.91999999999999,71.86,71.83999999999999,72.24,
 , , , , , , , ,140, , ,
 , , , , , , , ,137, , ,
25,26,27,28,29,30,31,32,33,35,
73.63,71.95,71.06,71.85,71.89,71.54,71.78,71.21,72.05,72.35,
 ,164,72,117,141,123,144,81,152, ,
 ,171,73,49,99,105,164,75,140, ,
29,31,32,33,34,35,36,37,39,40,41,42,43,
72.49,71.99,71.86,71.39,71.61,72.61999999999999,71.93,72.09,71.91999999999999,71.11999999999999,72.89999999999999,71.83999999999999,72.5,
166,147, , , , ,157,157, , , , , ,
193,201, , , , ,206,179, , , , , ,
34,35,36,37,38,39,42,43,44,45,46,48,
71.25999999999999,71.58,71.75,71.11,71.68,72.1,72.35,71.86999999999999,72.05,72.16999999999999,72.66999999999999,72.69999999999999,
 ,110,139,65,128,158, , , , , , ,
 ,122,42,64,134,210, , , , , , ,
28,29,30,31,32,33,34,35,36,37,38,39,40,41,
73.0,71.59,71.25,71.14,71.64,71.94,72.78,71.42999999999999,72.4,72.61,72.67999999999999,71.55999999999999,72.72999999999999,72.05,
180,127, ,49,120,154,186, ,174, , , , , ,
237,146, ,94,98,118,190, ,189, , , , , ,
35,36,37,38,39,40,41,43,44,45,46,47,48,
72.08,72.16999999999999,72.59,72.36999999999999,71.61,72.64999999999999,72.41999999999999,72.42999999999999,70.89,72.05999999999999,72.32,72.47,71.58999999999999,
166, ,176, , , , , , , , , , ,
167, ,211, , , , , , , , , , ,
24,25,26,27,28,30,31,32,33,34,
71.23,70.93,71.3,71.76,71.2,74.7,72.2,71.94,71.84,72.66,
78,29,43,144,82,179,175,158,145,180,
125,85,44,46,29,284,196,185,91,201,
29,30,31,33,34,35,36,37,38,39,40,
71.75,72.07,72.35,72.75,71.85,72.30999999999999,71.78,72.24,71.72999999999999,73.28,74.91999999999999,
134,165, ,181, , , , , , , ,
153,189, ,213, , , , , , , ,
26,27,28,29,30,31,32,33,34,35,36,37,39,42,44,
70.73,70.82,70.99,71.44,70.93,71.28,70.56,72.56,72.75,72.11,72.28,71.25,73.36,72.28,72.79,
4,10,15,36,7,28,8,161,171,153,152,99,185,172,182,
4,35,15,24,3,33,4,120,149,58,119,88,191,177,204,
28,29,30,31,32,33,34,35,36,37,38,39,40,41,
70.84,71.25,70.22,70.67,70.65,70.58,70.3,70.71,70.4,69.48,69.33,69.88,70.61,70.41,
5,26,3,15,24,9,2,45,20,1,1,1,28,13,
9,42,1,7,17,4,1,53,18,3,2,1,15,7,
26,27,30,31,32,33,34,35,36,37,39,40,41,42,
71.22,72.11,71.26,70.9,70.9,71.19,71.3,71.43,71.3,70.93,72.8,72.03999999999999,71.99,71.91999999999999,
37,136,35,63,45,55,78,109,90,48, , , , ,
75,162,98,67,78,85,110,75,127,150, , , , ,
25,26,27,28,29,33,34,35,36,37,38,39,40,41,42,
71.99,71.72,72.51,71.8,72.45,71.24,71.03,72.11,71.75,71.04,71.43,70.72,70.85,71.3,71.23,
59,50,130,59,98,79,45,133,141,68,75,31,50,90,82,
69,82,38,61,127,141,84,86,99,69,74,18,25,88,81,
32,33,34,35,36,37,38,39,40,41,45,46,47,48,49,
71.28,71.31,71.09,72.05,71.98,71.42,71.96,71.14,70.97,71.76,72.02,72.67,72.38,70.42,72.44,
19,27,21,73,75,41,89,39,44,131,131,173,180,14,179,
11,10,21,40,42,54,69,14,25,79,177,175,214,70,117,
32,33,34,39,40,42,43,44,45,46,49,
73.47,72.68,72.38,71.29,72.37,71.87,71.43,71.35,71.68,71.71,72.72,
168,131,123,55,157,103,117,101,104,129,189,
171,124,129,115,195,123,82,66,99,157,193,
23,24,25,26,27,28,29,30,31,33,
71.37,71.73,72.08,71.91,71.39,71.94,71.47,72.08,72.92,72.42999999999999,
84,88,167,143, ,146, , ,192, ,
156,166,138,159, ,155, , ,222, ,
24,25,26,27,28,29,30,31,32,33,35,36,37,40,
71.71,71.59,71.72,71.67,71.05,70.94,70.57,70.25,70.7,71.52,70.15,70.93,71.68,71.29,
40,40,57,48,12,11,9,3,27,101,5,52,104,87,
44,42,40,62,32,27,5,17,27,74,95,110,146,162,
24,25,26,27,28,29,30,31,32,33,34,35,39,
72.33,72.1,72.02,70.85,71.99,71.86,70.89,71.34,71.02,71.18,71.18,71.76,75.13,
121,100,128,38,144,102,58,100,41,68,85,143, ,
81,99,80,32,98,109,41,112,54,80,59,151, ,
27,28,30,31,32,33,34,35,36,38,
71.12,72.43,71.22,71.39,71.64,71.45,71.57,72.92,71.64,71.8,
20,129,74,85,75,119,124,177,120,145,
41,137,102,27,21,118,83,187,140,170,
25,26,27,28,29,30,31,32,33,34,35,36,
72.7,72.17,71.8,71.06,71.17,71.27,70.79,71.43,72.32,71.87,71.77,72.01,
136,109,100,57,65,38,49,108,152,138, ,163,
135,171,52,52,55,92,109,113,143,170, ,176,
24,25,26,27,28,29,30,31,33,34,
71.68,72.49,70.98,71.95,71.51,71.24,71.65,72.17,72.28,72.1,
90,160,39,117,121,85,100,150,172, ,
72,137,126,143,145,87,69,144,191, ,
30,31,32,33,34,35,36,37,39,40,41,42,43,44,46,
71.9,72.21,72.03,71.97,71.64,71.28,71.48,73.05,71.77,71.93,71.69,72.29,71.84,71.49,73.09,
56,97,84,69,51,28,50,178,133,114,136,160,115,97,188,
101,94,64,46,48,4,15,139,123,70,179,200,166,95,230,
27,28,29,30,31,32,33,34,36,39,42,
72.6,72.46,71.85,70.73,71.87,71.89,72.12,72.42,72.73,71.6,73.91,
114,99,78,13,110,130,156,164,168,126, ,
105,72,66,38,92,132,143,61,238,151, ,
25,26,27,28,31,32,33,34,35,36,37,38,39,43,
71.69,71.94,73.64,73.26,71.84,71.3,70.78,71.59,70.68,70.68,71.54,71.54,71.81,73.02,
49,74,155,160,106,84,21,67,42,33,86,104,145, ,
98,58,148,142,158,103,34,51,57,36,159,173,175, ,
30,33,34,35,36,39,40,41,42,44,
72.2,72.14,72.04,73.0,72.3,71.82,70.92,71.0,72.12,71.85,
96,81,99,164,147,96,65,60,142,148,
136,116,47,179,176,94,101,84,137,205,
35,36,37,38,39,40,41,43,44,45,46,47,48,
72.35,72.22999999999999,72.49,73.0,72.66999999999999,72.11999999999999,72.12,72.08999999999999,71.97999999999999,71.99,71.83,72.14999999999999,73.41999999999999,
171, , , , , ,170, , , , , , ,
155, , , , , ,217, , , , , , ,
34,35,36,37,38,39,40,41,42,43,44,45,46,47,48,
71.07,71.29,71.39,70.82,71.57,71.57,72.45,71.16,71.31,71.54,70.9,71.05,71.46,70.66,70.49,
13,24,33,4,45,53,132,40,85,106,13,75,113,20,21,
38,7,19,13,31,31,128,96,72,93,6,33,131,65,10,
27,28,29,30,31,32,33,34,35,37,40,45,
72.71,70.94,70.53,70.55,71.99,70.84,71.41,71.49,71.46,71.17999999999999,73.42999999999999,73.46,
152,28,16,8,122,53,107,83,94, , , ,
103,67,38,24,131,79,134,67,138, , , ,
34,35,36,37,38,39,40,41,42,44,47,
71.85,71.44,71.52,71.66,71.75999999999999,72.54,71.95,71.62,71.68,72.36999999999999,72.1,
80,69,100,120, ,178,145,95,126, , ,
109,103,93,173, ,216,98,82,131, , ,
27,28,29,30,31,32,33,34,36,37,38,
72.12,71.64,73.08,71.25999999999999,72.21,71.63,72.85,72.89999999999999,72.58,73.3,72.21,
134,132,177, ,154, , , , , , ,
108,115,222, ,179, , , , , , ,
29,30,31,32,33,34,35,36,37,38,
72.68,73.17,72.37,71.73,72.25,71.7,71.39,70.92,71.63,72.38,
135,167,151,117,166,82,112,48,97,161,
143,125,146,54,128,110,61,88,87,184,
27,28,29,30,31,32,33,34,35,40,41,
71.1,72.17,72.83,73.28,71.33,71.2,72.63,72.06,72.23,70.83,72.71,
15,93,147,148,29,23,147,131,151,29,175,
12,76,140,166,44,37,139,114,158,156,196,
24,25,28,29,30,31,32,33,35,36,37,38,39,40,
73.79,71.33,73.42,73.0,71.9,72.80999999999999,71.58,73.78,71.89999999999999,73.3,72.77,73.44999999999999,73.52,72.94999999999999,
155,39,185,180,156, ,89,178, , , , , , ,
139,147,90,178,158, ,72,240, , , , , , ,
28,29,30,31,32,33,34,35,36,37,38,39,40,41,
72.08,71.73,71.97,71.81,71.61,70.84,71.35,71.26,71.2,71.18,72.71,72.11,71.25,71.22,
71,51,78,60,48,9,41,52,71,66,172,170,87,57,
86,59,56,70,56,8,40,65,77,105,169,188,125,103,
20,21,22,23,24,25,26,27,28,29,30,32,
70.77,71.09,72.33,72.89,71.74,72.11,71.78,71.92,71.7,72.14,71.6,71.48,
8,21,93,129,69,102,98,131,125,138,129,80,
14,17,64,117,94,87,84,118,148,194,116,131,
23,25,27,31,32,33,34,35,36,37,38,
73.31,72.38,72.27,71.43,70.99,72.31,71.0,71.58,71.69,71.75,73.75,
158,123,87,94,41,153,72,125,107, , ,
165,136,123,138,96,155,106,122,151, , ,
27,28,29,30,31,32,33,34,35,36,37,38,40,
71.74,71.57,72.13,71.38,71.73,71.75,72.0,71.89,71.52,71.01,71.26,71.22,71.8,
41,38,99,29,57,71,93,112,100,44,35,98,114,
39,57,62,28,43,72,111,121,108,56,77,104,139,
21,22,23,24,25,26,27,28,29,30,31,32,
72.03,72.53,72.04,71.56,71.11,71.39,71.13,71.71,71.2,71.77,71.35,71.88,
84,110,78,51,31,63,62,126,31,145,101,119,
116,145,114,34,48,51,23,26,5,102,141,150,
33,34,35,36,37,38,39,40,41,42,43,45,46,
71.69,71.79,72.15,72.77,71.27,71.71,72.7,72.59,72.14,71.64,72.41,72.8,72.63,
38,60,106,125,26,66,151,165,150,117,161,170,168,
51,32,55,135,33,16,73,129,147,86,165,204,199,
27,28,29,30,31,32,33,34,35,36,37,38,39,40,
71.48,71.83,71.42,72.44,72.49,71.85,71.71,71.71,71.56,71.44,71.65,71.34,71.48,72.9,
28,63,34,106,100,78,73,93,105,89,79,108,115,176,
36,48,44,146,99,73,101,125,116,137,215,97,118,205,
37,38,39,40,41,42,43,44,45,46,47,48,49,
71.53,70.2,70.71,70.61,71.78,70.53,70.66,71.46,71.18,72.24,72.41,70.58,70.08,
31,3,6,1,59,5,10,71,69,165,161,28,8,
10,2,2,20,68,5,9,86,69,145,55,56,13,
30,31,32,33,34,35,36,37,39,40,42,
71.41,71.65,72.35,71.13,72.81,71.91,72.35,72.4,71.2,73.18,71.09,
24,46,119,15,122,85,121,155,70,184,75,
29,22,83,47,73,76,86,159,92,201,139,
33,34,35,36,37,38,39,40,41,43,44,45,46,47,48,
72.15,72.03,72.35,72.4,72.83,72.28,72.5,71.26,72.65,73.11,71.72,71.86,72.72,72.21,72.22,
76,79,119,101,124,116,135,52,168, , ,141, , , ,
89,52,59,75,98,103,155,150,154, , ,152, , , ,
32,33,34,35,36,37,38,39,40,41,42,43,44,
71.34,71.77,71.55,72.41,72.94,72.27,72.0,71.89,71.83,71.69,72.4,71.2,72.45,
21,54,43,103,140,114,93,112,124,122,160,94,161,
25,40,75,69,126,122,102,147,123,52,148,128,196,
27,28,29,30,31,32,33,34,35,48,
73.18,72.72,71.46,71.84,71.35,71.06,71.7,70.58,72.9,73.57,
154,140,49,106,89,48,82,28,173, ,
168,146,24,55,70,62,73,32,203, ,
25,26,32,33,34,35,36,37,38,39,40,41,42,43,
73.69999999999999,73.3,72.83,72.53999999999999,72.25999999999999,71.42999999999999,71.91999999999999,71.64999999999999,72.08,71.67999999999999,72.16,72.36999999999999,71.44,71.61999999999999,
 ,179, , , , , , , , , , , , ,
 ,191, , , , , , , , , , , , ,
23,26,27,28,29,30,31,32,33,34,35,
72.79,73.12,72.9,72.02,72.34,71.82,71.57,71.5,71.45,71.97,73.44,
129,143,131,97,120,103,107,97,52,165,181,
149,181,131,115,151,101,109,122,93,110,205,
30,31,32,33,34,35,36,37,39,44,
71.81,71.64,71.88,71.89,72.00999999999999,71.61,72.50999999999999,72.22,72.8,72.63,
93,132, , , , , , , , ,
170,151, , , , , , , , ,
30,31,32,33,34,35,36,37,38,39,40,41,
72.25,71.95,72.34,72.17,72.76,72.27,71.61,71.95,72.01,71.61,72.32,71.69,
83,70,116,79,116,114,65,122,138,114,154,136,
63,47,97,81,115,108,74,116,131,134,149,191,
25,26,27,28,29,30,31,32,33,34,35,36,
72.63,73.1,71.6,71.74,72.42,71.71,71.45,72.3,72.13,70.9,72.09,71.75,
121,146,47,53,97,66,48,147,149,28,131,141,
108,149,77,57,104,89,65,113,135,125,164,204,
22,23,24,25,26,27,28,29,30,31,32,33,34,35,36,
71.82,72.08,72.66,72.00999999999999,72.04,71.91999999999999,72.19999999999999,71.94,72.05999999999999,72.25,72.13,71.94999999999999,72.38,72.47999999999999,72.11,
103,145,178, ,166, , , , , , , , , , ,
58,97,178, ,154, , , , , , , , , , ,
33,34,35,36,37,38,39,40,41,42,43,44,
72.05,71.67,71.37,71.87,72.4,72.35,71.95,71.22,72.11,71.86,72.02,72.52,
67,48,32,63,96,122,88,47,146,137,125,177,
92,68,45,30,24,51,117,88,117,139,125,157,
29,30,31,32,33,34,35,36,39,40,
71.65,72.18,72.44,72.25,73.06,71.83,72.42,72.25,72.85,73.23,
37,95,126,87,149,77,126,143,178,188,
70,30,50,99,149,24,146,163,137,201,
30,31,32,33,34,35,36,37,38,39,40,
72.45,71.95,71.56,72.55,72.8,71.88,72.41,72.14,71.85,71.52,71.63,
105,70,44,111,121,83,124,140,126,101,73,
118,49,72,80,110,92,105,144,173,151,168,
39,40,41,42,43,44,45,46,47,48,49,
71.43,71.33,71.36,71.65,73.0,71.56,72.01,71.54,71.93,70.93,71.92,
25,29,31,46,146,51,96,81,135,29,112,
55,26,41,51,89,104,63,41,115,111,174,
30,31,32,33,34,35,36,37,38,39,40,
71.12,71.47,71.12,72.24,71.24,71.37,72.51,71.5,73.38,73.34,72.1,
17,32,23,85,24,38,136,75,182,183,132,
7,37,18,83,37,21,112,45,174,230,139,
27,28,29,30,31,32,33,34,35,36,37,
72.08,72.58,71.96,71.41,71.13,71.2,70.94,72.52,71.49,72.18,72.18,
71,126,76,32,18,23,22,158,98,161,145,
84,165,100,27,17,68,50,175,24,138,186,
36,37,38,39,40,41,42,43,44,45,46,
71.83,71.98,71.58,72.5,74.41,73.6,72.44,72.22,71.59,72.29,72.24,
45,73,46,107,178,153,131,142,108,170,150,
31,72,82,111,180,166,158,141,104,121,145,
36,37,38,39,40,41,42,43,44,45,46,
71.13,71.35,70.33,70.62,70.56,70.56,70.51,71.69,71.01,72.45,72.78,
18,30,2,2,1,6,7,91,46,173,176,
42,43,4,4,25,3,12,140,87,175,173,
29,30,31,32,33,34,35,36,38,43,44,
71.97,72.54,71.82,71.34,71.79,72.7,72.57,72.02,72.11,72.55999999999999,72.78,
58,121,67,27,60,136,139,128,153, , ,
64,104,70,6,53,114,149,153,161, , ,
25,26,27,28,29,30,31,32,33,35,36,37,38,
72.31,71.61,72.22,71.76,71.96,71.54,72.3,71.26,71.04,71.94,73.22,72.05,71.47999999999999,
89,41,110,55,74,47,119,52,53, , , , ,
74,29,61,77,81,55,173,133,170, , , , ,
28,29,30,31,32,33,34,35,36,37,
71.80999999999999,71.78,71.57,71.83999999999999,72.05999999999999,72.47,73.30999999999999,71.52,72.74,71.64999999999999,
 , , , , , , , , , ,
 , , , , , , , , , ,
36,37,38,39,40,41,42,44,45,46,47,48,49,50,
72.19999999999999,71.83999999999999,74.27,72.30999999999999,72.24,73.55999999999999,72.82,72.33,72.22999999999999,72.17999999999999,71.69999999999999,71.75,71.75,72.88,
 , , , , , , , , , , , , , ,
 , , , , , , , , , , , , , ,
