26,24,70.67,
23,25,70.57,
22,26,70.76,
20,27,71.76,
21,28,70.38,
21,29,71.35,
21,30,71.93,
20,31,70.54,
22,32,71.13,
21,33,71.59,
27,34,71.45,
21,35,70.76,
17,36,69.55,
23,37,70.19,
22,38,70.83,
22,39,69.51,
19,40,69.78,
31,30,71.23,
24,31,71.3,
26,32,72.05,
28,33,70.48,
25,34,70.31,
28,35,71.01,
28,36,70.41,
26,37,70.4,
25,38,71.01,
28,39,70.75,
28,40,71.76,
28,41,71.24,
20,42,70.72,
19,43,69.81,
35,24,71.67,
29,25,71.07,
29,26,70.94,
26,27,70.9,
28,28,70.97,
24,29,69.94,
23,30,70.31,
20,31,71.42,
21,32,70.25,
19,33,70.77,
17,34,71.08,
21,35,71.74,
17,36,71.6,
20,37,71.02,
23,38,71.19,
20,39,71.36,
20,40,70.64,
17,41,70.86,
25,42,71.0,
25,43,70.67,
23,44,70.77,
22,45,70.03,
33,29,71.58,
27,30,70.91,
30,31,70.98,
29,32,70.8,
27,33,70.32,
30,34,70.1,
28,35,71.18,
27,36,70.66,
27,37,71.05,
26,38,70.7,
29,39,70.68,
25,40,71.16,
26,41,70.22,
27,42,70.72,
25,43,70.16,
30,23,71.62,
32,24,72.52,
32,25,71.93,
29,27,71.13,
27,28,71.02,
26,29,70.88,
32,30,70.83,
31,31,70.38,
28,32,69.71,
27,33,69.64,
26,34,70.22,
24,35,70.62,
25,36,70.05,
22,37,70.57,
22,38,70.88,
20,39,71.13,
27,40,69.74,
25,41,70.18,
31,23,71.15,
31,24,70.81,
28,25,70.83,
27,26,70.09,
28,27,69.98,
25,28,70.75,
25,29,70.36,
24,30,69.65,
25,31,70.15,
27,32,69.28,
26,33,69.68,
24,34,69.45,
23,35,70.21,
26,36,70.56,
23,37,70.02,
21,38,70.23,
24,22,71.64,
18,23,69.86,
24,24,71.17,
21,25,70.29,
21,26,70.41,
24,27,71.19,
23,28,71.06,
23,29,69.35,
23,30,69.16,
26,31,69.71,
23,32,70.64,
22,33,69.63,
21,34,69.86,
19,35,70.07,
22,36,70.39,
21,37,70.28,
18,38,70.83,
20,39,70.34,
29,24,71.51,
33,25,72.19,
31,27,71.31,
31,28,71.48,
33,29,70.41,
29,30,69.7,
29,31,70.03,
27,32,70.02,
27,33,70.53,
24,34,70.77,
26,35,71.04,
24,36,72.1,
29,37,71.7,
29,38,70.63,
25,39,70.36,
33,26,72.64,
31,27,71.81,
22,28,71.06,
20,29,72.78,
30,32,71.52,
27,33,71.03,
31,34,71.4,
32,35,71.21,
33,36,70.83,
31,37,71.24,
31,38,70.59,
31,39,70.85,
32,40,70.95,
33,41,70.65,
31,42,71.29,
30,43,70.54,
26,44,70.99,
22,45,70.43,
16,28,71.25,
18,29,70.42,
31,30,70.63,
26,31,70.45,
28,32,70.68,
27,33,70.02,
27,34,70.08,
24,35,71.22,
21,36,70.79,
23,37,71.17,
24,38,70.67,
23,39,70.52,
23,40,70.51,
27,26,72.16,
27,29,71.98,
29,31,71.48,
22,32,71.55,
28,33,71.59,
26,34,71.11,
23,35,71.22,
24,36,70.88,
25,37,70.87,
27,38,71.55,
22,39,71.13,
19,40,71.24,
28,41,71.18,
26,42,72.09,
25,43,70.52,
31,22,70.45,
29,23,70.67,
29,24,70.44,
28,25,70.7,
28,26,70.42,
28,27,70.43,
30,28,70.43,
26,29,69.91,
23,30,70.29,
25,31,70.75,
24,32,70.53,
26,33,71.28,
29,34,71.05,
25,35,70.41,
26,36,70.17,
27,37,70.61,
34,30,70.95,
35,31,70.68,
35,32,72.44,
30,34,71.23,
32,35,71.27,
34,36,71.49,
36,37,71.67,
31,38,70.62,
29,39,70.98,
30,40,70.94,
31,41,71.11,
27,42,70.84,
30,43,71.1,
24,44,70.68,
29,45,70.67,
34,24,71.42,
29,25,71.23,
22,26,71.62,
21,27,71.08,
21,28,70.14,
32,29,71.55,
27,30,70.58,
31,31,71.12,
31,32,70.85,
33,33,70.31,
25,34,72.03,
25,35,71.28,
28,36,70.83,
29,37,70.69,
21,30,71.43,
22,31,70.8,
24,32,70.52,
21,33,71.16,
26,34,70.57,
29,35,70.66,
26,36,70.32,
26,37,69.34,
28,38,69.76,
27,39,69.11,
29,40,69.19,
30,41,69.59,
27,42,70.21,
27,43,70.39,
23,44,70.27,
21,45,71.13,
24,46,70.69,
27,22,71.45,
28,23,71.25,
32,24,71.32,
28,25,71.43,
28,26,70.66,
27,27,69.78,
24,28,70.52,
26,29,72.38,
19,30,69.94,
29,31,70.52,
28,32,70.83,
21,33,71.27,
26,34,69.55,
26,35,70.37,
25,36,70.21,
23,37,70.65,
25,38,70.41,
25,39,70.68,
28,40,71.14,
28,41,70.69,
23,42,70.49,
26,43,70.75,
31,29,71.42,
34,30,71.9,
31,31,71.71,
34,32,71.28,
32,33,70.69,
31,34,70.34,
29,35,70.41,
30,36,70.46,
29,37,70.23,
31,38,70.99,
31,39,70.8,
28,40,71.08,
31,41,71.49,
26,42,70.01,
29,43,70.8,
30,25,71.25,
33,26,70.4,
32,27,70.65,
26,28,70.91,
26,29,71.28,
28,30,71.19,
27,31,70.83,
27,32,70.45,
24,33,70.85,
26,34,71.45,
27,35,70.78,
29,36,70.66,
29,37,70.79,
25,38,70.99,
25,39,70.82,
26,40,71.56,
28,41,71.95,
24,42,71.97,
28,43,71.46,
23,44,70.6,
26,45,70.81,
31,21,72.25,
26,22,71.12,
29,23,71.46,
24,24,70.93,
27,25,71.52,
28,26,70.64,
25,27,70.04,
26,28,70.53,
28,29,71.03,
24,30,70.56,
23,31,70.0,
25,32,70.13,
21,33,70.11,
23,34,70.22,
25,35,69.89,
20,36,69.03,
26,37,70.21,
23,38,69.78,
24,39,70.76,
24,40,70.45,
23,41,71.11,
21,42,72.02,
23,43,71.21,
27,44,70.66,
24,45,70.81,
27,26,71.61,
32,27,71.25,
26,28,71.18,
23,29,71.46,
24,30,71.2,
25,31,70.98,
29,32,71.26,
30,33,70.88,
25,34,70.53,
25,35,70.67,
26,36,71.15,
25,37,70.38,
26,38,71.01,
20,39,69.96,
26,40,69.6,
27,41,70.02,
26,42,70.02,
23,43,70.51,
23,44,70.04,
22,45,70.94,
24,46,70.6,
26,47,70.21,
24,48,70.14,
20,49,70.88,
31,25,71.32,
31,26,70.99,
29,27,71.1,
29,28,70.83,
28,29,70.83,
29,30,70.6,
30,31,70.59,
29,32,70.31,
26,33,71.17,
28,34,70.36,
27,35,71.7,
27,36,71.1,
28,37,70.66,
27,38,70.77,
24,39,70.91,
33,22,71.53,
32,23,70.44,
33,24,71.04,
33,25,70.82,
32,26,71.17,
32,27,71.67,
28,28,70.48,
28,29,71.03,
30,30,71.29,
27,31,70.93,
29,32,71.48,
29,33,71.43,
29,34,70.01,
31,35,71.06,
31,36,70.91,
32,37,71.8,
31,38,70.36,
29,39,71.0,
30,40,70.69,
29,41,70.76,
28,42,71.97,
26,43,70.97,
31,22,72.38,
28,23,71.04,
28,24,72.22,
27,25,71.89,
26,26,74.53,
19,27,70.95,
25,28,70.41,
21,29,71.6,
27,30,70.39,
26,31,71.52,
28,32,70.21,
26,33,69.48,
26,34,70.22,
26,35,69.93,
24,36,70.02,
25,37,70.23,
25,38,70.57,
23,39,70.56,
24,40,70.84,
24,41,69.99,
22,42,71.04,
27,23,72.85,
32,24,71.81,
32,25,71.13,
30,26,71.11,
27,27,71.95,
25,28,70.63,
25,29,71.0,
24,30,71.11,
18,31,71.98,
21,32,70.71,
24,33,71.05,
24,34,70.96,
25,35,71.22,
24,36,71.01,
21,37,69.97,
23,38,70.4,
24,39,70.65,
19,40,71.67,
24,41,71.03,
22,42,71.19,
27,43,71.61,
22,44,71.4,
25,45,71.08,
29,26,71.12,
26,27,70.42,
28,28,70.68,
26,29,70.63,
23,30,70.96,
26,31,70.73,
27,32,71.02,
24,33,70.72,
23,34,70.99,
27,35,71.18,
27,36,70.86,
27,37,71.51,
24,38,71.26,
20,39,71.08,
25,40,71.27,
26,41,71.65,
26,42,71.3,
28,43,71.29,
28,44,70.92,
28,45,71.09,
32,28,72.15,
31,30,71.47,
31,32,70.94,
30,33,70.47,
31,34,70.83,
32,35,70.63,
33,36,70.4,
31,37,70.78,
30,38,70.48,
29,39,71.12,
32,40,71.96,
22,41,71.1,
18,45,71.14,
31,26,71.67,
32,27,71.73,
32,28,71.63,
35,29,71.2,
31,30,71.55,
34,31,71.74,
28,35,71.34,
27,36,70.86,
22,37,70.81,
24,39,71.05,
27,41,71.14,
30,24,71.29,
23,25,71.27,
22,26,71.83,
29,27,71.24,
24,28,70.32,
29,29,70.4,
28,30,70.51,
27,31,70.53,
25,32,70.69,
25,33,70.83,
23,34,70.87,
24,35,71.71,
23,36,70.86,
25,37,71.95,
31,38,71.17,
33,24,71.3,
25,25,71.53,
24,26,72.66,
23,27,72.07,
23,28,72.15,
17,29,72.16,
25,30,71.95,
22,31,72.56,
26,32,72.82,
25,33,70.7,
21,34,71.95,
22,35,72.68,
22,36,70.81,
25,37,71.83,
21,38,72.82,
24,39,72.39,
20,40,71.21,
30,28,71.84,
31,29,71.44,
35,30,71.24,
29,31,71.81,
30,32,70.95,
31,33,70.83,
29,34,71.21,
30,35,70.92,
29,36,71.31,
20,37,71.38,
25,38,70.47,
24,39,71.24,
19,40,71.8,
25,41,71.6,
25,42,71.15,
25,43,71.35,
34,27,72.04,
32,29,71.27,
30,30,71.17,
30,31,70.54,
31,32,71.3,
30,33,70.57,
28,34,71.08,
30,35,71.39,
30,36,70.14,
28,37,70.36,
28,38,70.76,
29,39,71.2,
28,40,71.45,
32,41,71.17,
31,42,71.22,
22,43,71.35,
25,44,71.96,
27,45,71.25,
25,46,71.87,
31,28,71.83,
30,30,71.25,
29,34,70.74,
30,35,71.19,
18,36,71.54,
22,38,71.89,
25,21,72.84,
20,22,72.98,
25,23,72.91,
26,24,70.83,
33,25,70.61,
25,26,70.47,
27,27,70.99,
24,28,70.92,
27,29,71.28,
30,30,71.2,
27,31,70.54,
29,32,70.74,
29,33,70.5,
27,34,70.15,
27,35,70.48,
29,36,71.57,
28,37,70.34,
23,38,70.27,
25,39,71.37,
24,40,70.4,
24,41,71.19,
27,42,70.76,
27,43,72.04,
28,44,71.11,
25,45,71.86,
23,46,71.29,
16,47,72.1,
33,22,72.36,
31,23,72.38,
34,24,72.81,
28,25,71.42,
29,26,71.48,
28,27,71.49,
28,28,71.9,
28,29,70.84,
26,30,71.04,
25,31,71.15,
25,32,70.82,
25,33,70.7,
22,34,70.33,
23,35,70.68,
25,36,71.66,
21,37,71.67,
29,38,70.79,
26,39,70.36,
25,40,70.88,
27,41,70.76,
28,42,71.25,
23,43,70.94,
26,44,72.23,
23,45,72.89,
23,46,72.71,
30,27,71.78,
24,28,71.6,
30,29,71.65,
35,30,71.78,
27,31,71.07,
35,32,71.63,
25,33,71.07,
28,34,71.66,
29,35,70.61,
33,36,71.1,
31,37,71.51,
26,39,71.6,
21,41,71.56,
21,42,72.8,
22,43,72.73,
29,24,71.26,
27,25,70.49,
28,26,71.07,
26,27,71.12,
26,28,71.17,
28,29,71.04,
29,30,70.96,
25,31,69.82,
25,32,70.31,
24,33,70.27,
20,34,70.29,
22,35,70.51,
22,36,70.43,
22,37,71.89,
23,38,71.69,
25,39,71.46,
25,40,72.11,
22,41,70.81,
24,42,71.17,
26,43,71.06,
23,44,70.66,
23,45,70.81,
23,46,70.91,
25,47,71.6,
20,48,70.67,
23,49,70.52,
30,30,72.24,
29,31,71.92,
27,32,71.79,
32,33,71.74,
21,34,71.79,
29,40,72.14,
28,42,71.07,
30,43,71.47,
25,44,71.06,
22,45,71.12,
28,46,71.07,
22,47,70.64,
25,21,71.56,
28,22,71.82,
30,23,71.4,
26,24,71.14,
26,25,71.58,
26,26,72.36,
27,27,70.41,
27,28,70.1,
24,29,70.42,
22,30,71.19,
21,31,70.13,
22,32,69.71,
19,33,70.42,
15,34,69.94,
15,35,70.83,
18,36,69.71,
15,37,70.93,
17,38,70.56,
16,39,71.14,
19,40,70.37,
19,41,70.82,
18,42,70.47,
18,43,70.7,
16,44,71.46,
22,45,70.94,
17,46,71.72,
18,47,71.22,
16,48,70.78,
30,28,71.0,
32,29,71.51,
27,30,70.48,
29,31,71.79,
26,32,70.48,
29,33,71.25,
28,34,70.85,
28,35,70.37,
31,36,70.6,
31,37,70.39,
33,38,71.13,
27,39,71.21,
27,41,71.25,
19,42,70.61,
26,43,70.95,
31,28,71.06,
32,29,71.13,
31,30,71.81,
31,31,71.9,
30,32,71.96,
20,33,72.32,
30,35,71.39,
21,36,72.15,
30,37,71.27,
28,38,70.91,
28,39,71.35,
30,40,71.35,
32,41,71.38,
30,42,71.6,
23,43,71.02,
28,44,71.55,
29,45,71.07,
25,46,71.48,
24,47,70.86,
25,48,70.99,
19,49,71.02,
26,27,71.95,
28,28,70.98,
25,29,72.55,
27,30,71.26,
26,31,70.4,
27,32,70.24,
22,33,70.9,
26,34,70.66,
25,35,70.83,
26,36,70.72,
28,37,70.22,
26,38,70.0,
25,39,70.46,
25,40,70.44,
24,41,70.24,
18,42,71.27,
18,43,71.55,
25,44,71.96,
20,45,71.07,
35,22,72.93,
32,23,72.61,
32,24,72.14,
32,25,72.12,
30,26,70.63,
30,27,72.09,
33,28,71.35,
30,29,70.89,
29,30,70.45,
31,31,71.12,
33,32,70.97,
29,33,70.8,
29,34,70.74,
30,35,71.88,
30,36,71.82,
33,37,71.84,
29,38,71.26,
27,39,71.09,
32,40,71.56,
31,41,71.74,
31,42,72.51,
28,43,72.17,
36,44,72.02,
18,45,71.62,
17,46,71.11,
22,23,73.22,
26,24,73.23,
29,27,70.1,
27,28,70.61,
23,29,69.89,
18,30,70.68,
22,31,69.96,
21,32,70.26,
23,33,70.82,
23,34,70.83,
21,35,70.62,
23,36,69.75,
22,37,71.0,
25,38,70.46,
19,39,69.97,
20,40,71.07,
20,41,71.6,
19,42,71.08,
17,43,71.98,
16,44,71.85,
25,25,71.55,
33,26,70.45,
27,27,71.33,
30,28,70.79,
28,29,71.36,
29,30,71.27,
24,31,71.12,
21,32,72.28,
25,33,72.62,
29,34,71.48,
27,35,70.3,
25,36,70.78,
26,37,70.59,
28,38,70.31,
29,39,71.23,
30,40,71.01,
29,41,70.08,
28,42,70.38,
26,43,70.31,
26,44,71.27,
26,45,70.77,
25,46,71.47,
32,47,71.25,
20,48,69.94,
31,26,71.41,
29,27,72.21,
25,28,72.51,
27,29,70.37,
32,30,70.45,
30,31,70.71,
25,32,70.37,
27,33,71.31,
25,34,70.95,
29,35,71.81,
25,36,70.16,
23,37,71.2,
23,38,70.4,
20,39,70.88,
26,40,70.0,
23,41,70.08,
20,42,71.14,
31,43,71.13,
27,44,71.33,
18,45,70.48,
31,22,71.52,
29,23,71.38,
30,24,71.59,
31,25,72.07,
30,26,71.59,
28,27,71.8,
25,28,71.42,
27,29,70.97,
24,30,70.86,
25,31,70.15,
26,32,70.9,
22,33,71.12,
23,34,71.14,
29,35,70.54,
29,36,71.07,
22,37,70.84,
29,27,71.2,
28,28,71.09,
32,29,72.09,
30,30,71.87,
25,31,70.94,
28,32,71.23,
31,33,72.02,
19,35,71.23,
31,37,70.82,
23,38,70.77,
27,39,71.01,
23,40,71.21,
21,41,71.42,
34,25,71.68,
33,26,70.92,
34,27,71.14,
30,28,71.74,
31,29,70.95,
31,30,71.67,
32,31,71.83,
28,32,71.29,
18,34,71.15,
21,36,70.94,
26,42,71.44,
25,21,72.23,
27,22,71.51,
25,23,71.33,
25,24,71.9,
23,25,71.62,
27,26,71.72,
25,27,71.25,
28,28,71.57,
24,29,72.13,
19,30,71.98,
26,31,71.04,
22,32,71.81,
21,33,70.58,
31,34,70.16,
31,35,70.92,
28,36,71.04,
30,37,71.51,
30,38,71.73,
26,39,71.7,
23,28,71.97,
29,33,71.54,
29,36,71.66,
23,39,71.78,
30,32,71.92,
31,34,72.09,
27,36,70.95,
33,37,71.83,
25,38,71.48,
26,39,72.08,
31,40,70.98,
30,41,70.33,
33,42,70.7,
34,43,70.74,
30,44,70.78,
29,45,70.43,
30,46,71.35,
27,47,71.81,
34,23,71.53,
31,24,71.69,
28,25,71.07,
29,26,70.86,
28,27,71.71,
29,28,71.54,
26,29,71.21,
29,30,71.52,
28,31,71.31,
28,32,70.79,
30,33,71.25,
29,34,71.88,
31,35,71.12,
27,36,70.76,
31,37,70.61,
29,38,70.77,
31,39,71.25,
26,40,71.12,
24,41,71.09,
27,42,71.75,
24,43,72.15,
27,24,72.43,
31,25,72.54,
27,26,71.91,
32,27,72.7,
26,28,72.85,
29,29,71.46,
35,30,72.09,
27,31,71.91,
16,32,71.27,
23,33,70.58,
23,34,72.71,
25,37,71.38,
29,32,71.51,
29,33,71.64,
31,34,71.13,
32,35,71.23,
34,36,71.08,
30,37,71.17,
32,38,70.84,
31,39,70.66,
33,40,71.09,
32,41,70.53,
34,42,70.49,
32,43,70.65,
33,44,70.15,
29,45,69.64,
33,46,70.3,
29,47,70.58,
30,48,70.89,
29,49,70.9,
22,50,71.51,
32,24,72.19,
29,25,71.65,
28,26,71.08,
28,27,72.14,
29,28,70.58,
25,29,70.33,
25,30,71.96,
26,31,71.5,
26,32,70.47,
21,33,71.31,
26,34,71.31,
26,35,71.06,
26,36,71.32,
23,37,70.89,
27,38,71.53,
27,39,70.43,
25,40,70.51,
26,41,70.49,
28,42,71.23,
28,43,71.03,
23,44,71.55,
33,25,72.31,
33,26,71.38,
35,27,71.16,
33,28,71.52,
30,29,70.65,
28,30,71.33,
27,31,71.89,
28,32,71.4,
32,33,70.96,
22,34,71.49,
22,35,71.35,
24,36,71.1,
28,37,71.08,
31,38,71.55,
27,39,71.1,
24,40,71.58,
30,41,71.48,
25,42,70.94,
32,43,70.97,
29,44,70.91,
31,45,71.11,
29,46,70.95,
29,47,71.6,
25,48,71.8,
28,35,72.29,
26,36,71.57,
29,37,71.2,
32,38,70.67,
34,39,71.53,
23,40,70.54,
33,41,71.38,
21,42,71.92,
34,25,72.45,
33,26,71.64,
34,27,70.99,
32,28,72.03,
32,29,72.68,
33,30,71.91,
29,31,71.75,
26,32,72.29,
26,33,71.13,
27,34,70.62,
30,35,71.43,
27,36,71.47,
27,37,70.56,
27,38,70.93,
23,39,70.79,
31,40,71.11,
25,41,70.7,
27,42,71.37,
20,43,72.08,
25,27,71.65,
34,28,71.33,
32,29,70.97,
32,30,70.63,
23,31,71.51,
31,32,71.7,
30,33,70.27,
30,34,70.25,
27,35,71.6,
30,36,71.57,
29,37,70.43,
30,38,70.25,
29,39,71.09,
30,40,70.56,
31,41,70.81,
32,42,70.59,
30,43,69.67,
32,44,70.44,
31,45,70.26,
28,46,70.63,
28,47,70.97,
29,48,70.93,
21,49,72.53,
21,23,72.28,
33,24,71.69,
30,25,70.76,
27,26,70.21,
27,27,70.35,
25,28,70.33,
26,29,70.61,
21,30,70.59,
23,31,70.06,
24,32,70.36,
23,33,71.34,
22,34,70.95,
20,35,71.45,
22,36,70.94,
24,37,71.49,
20,38,70.06,
20,39,69.96,
20,40,71.63,
26,41,71.75,
23,42,71.17,
22,43,71.86,
30,44,71.03,
30,22,72.19,
30,23,71.42,
28,24,71.79,
28,25,71.14,
28,26,72.05,
29,27,72.06,
30,28,71.04,
32,29,71.39,
29,30,71.25,
27,31,70.88,
25,32,70.22,
21,33,69.95,
23,34,70.85,
24,35,70.61,
27,36,71.37,
26,37,70.53,
28,38,70.75,
26,39,70.75,
26,40,71.77,
28,41,70.73,
25,42,70.13,
25,43,70.84,
19,44,71.34,
26,45,71.39,
22,46,71.04,
21,26,71.69,
23,27,71.64,
30,28,71.58,
25,29,71.55,
26,30,70.85,
24,31,70.92,
27,32,70.58,
24,33,70.43,
25,34,71.0,
24,35,71.1,
23,36,70.41,
19,37,71.76,
21,38,71.59,
25,39,71.58,
24,40,71.57,
20,41,72.37,
27,42,71.79,
28,23,72.54,
35,24,71.81,
31,25,71.27,
29,26,70.59,
25,27,70.7,
23,28,70.69,
24,29,71.15,
25,30,71.11,
23,31,70.2,
25,32,70.51,
24,33,70.65,
22,34,70.55,
22,35,70.93,
22,36,70.93,
23,37,71.15,
21,38,71.38,
24,39,70.86,
21,40,71.03,
21,41,70.99,
24,42,71.05,
18,43,71.6,
18,44,71.8,
34,23,71.77,
35,24,72.36,
32,25,72.11,
32,26,70.77,
25,27,70.97,
25,28,71.0,
26,29,70.87,
27,30,71.07,
26,31,70.83,
25,32,71.04,
25,33,70.48,
23,34,70.09,
26,35,71.26,
29,36,71.49,
27,37,70.34,
21,38,69.93,
22,39,70.92,
19,40,70.4,
19,41,71.51,
19,42,71.91,
21,43,71.09,
24,44,71.44,
25,45,72.34,
17,46,71.52,
21,47,72.17,
18,48,72.38,
26,25,72.64,
30,27,71.51,
35,28,71.19,
31,29,70.89,
31,30,72.06,
31,31,70.67,
30,32,70.7,
28,33,70.63,
27,34,71.44,
25,35,72.31,
34,36,72.79,
22,37,72.44,
24,27,73.27,
26,28,72.63,
32,29,72.14,
33,30,71.86,
31,31,72.11,
29,32,70.85,
30,33,70.82,
30,34,70.78,
29,35,70.45,
28,36,70.18,
28,37,70.84,
22,38,69.82,
23,39,70.59,
23,40,70.49,
24,41,70.45,
22,42,70.53,
26,43,70.58,
24,44,70.36,
25,45,70.68,
25,46,69.98,
24,47,70.45,
22,48,70.09,
18,49,70.55,
30,24,72.63,
32,25,72.77,
26,26,72.06,
27,27,72.42,
33,28,71.53,
35,29,71.01,
30,30,72.12,
26,31,71.37,
26,32,70.93,
29,33,70.29,
25,34,70.67,
23,35,71.46,
23,36,71.18,
22,37,71.69,
27,38,71.31,
22,39,70.64,
27,40,70.86,
27,41,70.92,
25,42,70.92,
25,43,70.26,
27,44,70.03,
28,45,71.71,
17,46,70.58,
26,27,71.18,
33,28,71.12,
35,29,71.65,
32,30,71.5,
29,31,71.51,
29,32,71.86,
32,33,71.43,
34,34,71.49,
28,35,71.19,
35,36,72.04,
31,37,71.41,
36,38,70.58,
31,39,71.1,
35,40,70.8,
33,41,71.19,
31,42,71.06,
31,22,71.67,
33,23,72.42,
33,24,71.62,
30,25,71.14,
33,26,71.82,
30,27,71.5,
28,28,70.87,
28,29,70.93,
25,30,71.35,
25,31,70.91,
27,32,70.92,
26,33,71.14,
29,34,70.64,
29,35,70.9,
27,36,71.58,
26,37,71.12,
31,38,71.39,
28,39,71.11,
26,40,70.64,
29,41,71.88,
19,23,72.54,
28,24,71.76,
28,25,71.65,
29,26,71.51,
28,27,70.82,
23,28,71.03,
23,29,72.47,
19,30,71.74,
22,31,70.47,
21,32,70.12,
22,33,70.63,
19,34,70.26,
24,35,71.38,
27,36,70.53,
26,37,71.26,
21,38,71.9,
30,26,71.34,
30,27,71.25,
29,28,70.91,
28,29,71.15,
27,30,71.47,
29,31,71.92,
29,32,71.24,
29,33,70.88,
29,34,70.73,
30,35,71.57,
28,36,71.74,
29,37,70.66,
28,38,70.21,
29,39,70.67,
30,40,70.36,
27,41,70.5,
26,42,70.48,
24,43,70.86,
25,44,71.15,
24,45,71.63,
26,46,71.86,
21,47,70.04,
24,48,70.65,
25,49,70.3,
23,50,70.37,
16,51,71.9,
28,25,73.01,
25,26,73.07,
24,33,71.7,
28,37,71.2,
29,38,72.13,
32,25,71.67,
30,26,71.85,
32,27,70.74,
32,28,72.52,
30,32,71.03,
31,33,70.98,
29,34,71.0,
32,35,71.05,
28,36,71.1,
30,37,71.27,
28,38,70.84,
29,39,71.07,
33,40,71.68,
25,41,72.38,
31,25,72.33,
28,26,70.74,
25,27,71.21,
26,28,71.08,
30,29,71.28,
28,30,70.08,
27,31,70.44,
31,32,70.41,
27,33,70.63,
26,34,71.06,
31,35,70.18,
16,36,71.29,
28,37,70.46,
28,38,70.4,
28,39,70.56,
27,40,70.09,
22,41,70.03,
27,42,70.43,
27,43,70.65,
29,44,70.4,
24,45,69.87,
21,46,70.51,
17,47,70.84,
32,22,72.93,
27,23,73.74,
32,24,72.69,
30,25,72.92,
36,26,71.84,
20,27,70.94,
32,28,71.05,
29,29,70.56,
28,30,70.72,
29,31,72.04,
30,32,71.35,
15,33,71.02,
22,34,72.73,
28,36,70.36,
31,37,70.61,
30,38,70.19,
30,39,70.32,
26,40,70.9,
21,25,72.43,
19,26,72.39,
20,27,72.06,
25,28,71.76,
25,29,70.94,
24,30,71.02,
27,31,70.68,
28,32,70.89,
23,33,70.4,
26,34,69.8,
18,35,69.75,
19,36,70.05,
18,37,70.77,
15,38,70.65,
16,39,70.0,
18,40,70.82,
18,41,70.79,
18,42,70.21,
20,43,69.69,
18,44,70.05,
17,45,70.5,
15,46,71.18,
30,25,71.33,
27,26,72.09,
33,27,71.71,
33,28,71.22,
33,29,71.05,
29,30,71.39,
31,31,71.05,
30,32,70.36,
29,33,71.01,
27,34,70.88,
28,35,71.24,
26,36,70.98,
28,37,70.9,
30,38,70.68,
27,39,71.09,
30,40,71.3,
25,41,70.79,
24,42,70.58,
24,43,71.45,
25,45,71.34,
27,24,72.3,
33,25,72.18,
35,26,72.07,
30,27,72.28,
23,28,71.44,
29,29,71.53,
31,30,71.26,
29,31,70.92,
29,32,71.48,
27,33,71.31,
27,34,71.99,
31,35,71.47,
28,36,71.74,
24,37,71.41,
27,38,70.99,
33,39,71.83,
26,42,71.47,
27,23,72.25,
33,24,71.69,
33,25,70.78,
30,26,70.7,
31,27,70.77,
29,28,71.27,
26,29,70.27,
31,30,71.0,
28,31,71.25,
29,32,71.08,
32,33,71.64,
28,34,71.05,
26,35,70.78,
28,36,71.34,
28,37,71.2,
30,38,71.27,
21,39,71.08,
24,40,71.57,
30,24,71.86,
30,25,71.55,
26,26,70.9,
26,27,71.47,
27,28,71.12,
26,29,71.09,
23,30,71.05,
25,31,70.77,
23,32,71.62,
22,33,71.69,
20,34,72.17,
18,35,70.31,
22,36,70.92,
22,37,70.82,
21,38,71.11,
25,39,70.16,
22,40,71.43,
25,41,71.46,
20,42,72.61,
20,43,72.98,
22,44,70.71,
25,45,72.25,
18,46,71.58,
28,25,71.86,
28,26,71.51,
27,27,70.09,
25,28,70.3,
26,29,70.97,
26,30,71.5,
28,31,71.19,
25,32,70.8,
22,33,70.12,
23,34,70.6,
21,35,71.35,
22,36,71.15,
24,37,72.0,
23,38,71.9,
24,39,71.64,
25,40,71.92,
27,41,70.86,
29,42,71.31,
26,43,70.74,
26,44,71.6,
27,28,71.14,
25,29,70.39,
25,30,70.79,
29,31,72.25,
27,32,72.34,
20,33,71.9,
31,34,71.69,
20,35,71.39,
25,37,72.06,
28,31,71.6,
30,34,70.96,
33,35,71.27,
35,36,70.85,
36,37,70.91,
32,38,70.81,
35,39,71.15,
36,40,72.12,
23,21,72.66,
21,22,71.86,
34,23,71.51,
32,24,71.32,
30,25,70.34,
24,26,70.98,
27,27,70.66,
25,28,70.22,
24,29,70.67,
28,30,71.66,
26,31,71.11,
23,32,71.05,
25,33,71.56,
16,34,71.17,
30,40,72.2,
30,41,72.14,
27,25,73.03,
30,26,71.76,
25,27,72.46,
26,28,71.01,
26,29,71.53,
31,30,71.16,
31,31,71.63,
31,32,71.3,
26,33,70.26,
28,34,71.13,
31,35,71.05,
29,36,72.14,
23,23,72.69,
35,24,71.97,
35,25,71.83,
34,26,71.37,
31,27,70.95,
30,28,71.95,
26,29,70.51,
28,30,71.07,
27,31,70.98,
27,32,70.78,
26,33,71.13,
28,34,71.49,
30,35,71.66,
30,36,70.88,
30,37,71.44,
30,38,70.41,
28,39,71.2,
27,40,71.56,
27,42,72.19,
30,29,71.02,
34,30,71.11,
31,31,71.47,
27,32,72.01,
35,33,72.61,
24,39,72.45,
31,23,71.06,
30,24,70.94,
26,25,70.98,
26,26,71.1,
28,27,71.06,
25,28,70.58,
27,29,71.74,
30,30,70.66,
28,31,71.49,
28,32,70.32,
29,33,72.64,
29,34,72.42,
29,35,70.64,
31,36,70.86,
29,37,71.49,
29,38,70.9,
30,39,70.25,
25,40,70.58,
25,41,70.24,
26,42,70.18,
26,43,72.16,
24,44,70.56,
28,25,71.54,
23,26,72.06,
24,27,71.04,
26,28,71.41,
23,29,71.2,
21,30,71.48,
23,31,71.57,
25,32,71.44,
25,33,70.81,
24,34,70.95,
22,35,70.9,
23,36,71.39,
27,37,71.49,
23,38,70.9,
19,39,70.69,
25,40,70.44,
19,41,71.43,
25,42,70.7,
22,43,70.74,
22,44,71.33,
22,45,71.08,
21,46,70.79,
22,47,70.95,
28,25,72.17,
27,26,71.82,
28,27,71.43,
21,28,70.92,
26,29,71.51,
29,30,70.72,
25,31,70.72,
24,32,71.96,
24,33,71.41,
21,34,70.97,
23,35,70.84,
25,36,70.45,
24,37,70.89,
21,38,71.36,
21,39,71.4,
27,40,71.48,
14,42,70.57,
17,43,70.43,
27,44,71.29,
31,28,71.2,
31,29,71.28,
27,30,70.99,
30,31,71.41,
27,32,70.12,
24,33,71.01,
26,34,71.34,
25,35,70.46,
26,36,70.7,
26,37,70.69,
28,38,70.79,
25,39,70.72,
29,40,71.08,
29,41,71.03,
31,42,70.75,
34,43,70.92,
27,44,71.44,
27,27,71.59,
32,28,72.05,
30,29,71.36,
19,30,71.26,
30,32,71.88,
28,33,72.2,
31,34,71.72,
27,35,71.23,
31,36,71.8,
29,38,70.45,
30,39,70.09,
28,40,70.14,
23,41,71.73,
24,26,71.58,
28,27,71.25,
25,28,70.71,
27,29,71.39,
22,30,70.78,
24,31,70.93,
26,32,71.2,
22,33,70.74,
21,34,71.12,
22,35,70.6,
19,36,71.61,
21,37,70.37,
25,38,70.95,
24,39,71.11,
22,40,70.57,
21,41,70.45,
18,42,71.16,
21,43,70.48,
18,44,70.87,
17,45,71.46,
21,46,71.52,
22,47,71.09,
30,29,72.12,
31,30,72.56,
30,31,72.11,
29,32,71.1,
30,33,71.2,
35,34,72.03,
20,35,71.15,
29,37,72.11,
32,38,71.29,
34,39,71.55,
27,40,71.63,
26,26,72.64,
37,27,71.61,
36,28,71.89,
35,29,71.22,
34,30,70.93,
31,31,72.01,
31,32,70.65,
32,33,70.84,
31,34,71.74,
31,35,71.11,
31,36,70.82,
31,37,71.18,
30,38,71.52,
31,39,71.63,
34,40,71.55,
34,41,72.6,
20,42,72.08,
30,23,71.83,
30,24,71.32,
31,25,71.53,
30,26,71.49,
31,27,72.7,
23,28,73.34,
25,29,72.17,
27,30,71.87,
25,31,71.32,
26,32,71.62,
27,34,71.48,
27,35,71.3,
27,36,72.06,
16,37,70.94,
30,23,71.82,
33,24,71.93,
31,25,71.18,
33,26,71.71,
31,27,71.13,
30,28,71.36,
33,29,71.19,
29,30,71.72,
30,33,71.43,
20,34,70.65,
32,35,70.95,
31,36,70.79,
31,37,70.19,
31,38,70.4,
26,39,71.0,
22,23,72.93,
24,24,71.29,
33,25,71.93,
30,26,72.03,
30,27,71.53,
30,28,71.01,
25,29,71.64,
28,30,71.62,
30,31,72.05,
25,32,70.61,
26,33,70.98,
28,34,71.4,
27,35,71.35,
29,36,71.01,
26,37,70.69,
28,38,71.27,
28,39,72.01,
18,40,71.3,
28,41,71.51,
17,42,71.29,
31,35,70.92,
35,36,71.93,
35,37,71.5,
18,38,71.53,
19,26,73.05,
29,27,71.93,
30,28,71.52,
33,29,71.89,
32,30,70.76,
29,31,70.93,
31,32,71.83,
31,33,71.59,
26,34,70.98,
27,35,71.31,
23,36,72.11,
25,37,71.5,
25,38,71.82,
26,39,71.03,
27,40,71.74,
28,41,71.28,
24,42,71.63,
28,25,70.78,
26,26,71.48,
27,27,71.56,
24,28,71.79,
26,29,71.35,
26,30,71.13,
25,31,71.12,
30,32,70.84,
23,33,71.33,
22,34,71.32,
19,35,71.42,
20,36,71.07,
25,37,71.26,
22,38,71.19,
23,39,71.94,
23,40,71.33,
25,41,70.85,
26,42,71.74,
22,43,70.83,
23,44,71.0,
15,22,71.38,
28,23,71.81,
24,24,72.55,
28,25,72.35,
21,26,70.49,
28,27,71.74,
26,28,71.17,
26,29,70.12,
26,30,70.38,
25,31,71.08,
24,32,71.24,
22,33,70.42,
22,34,70.68,
21,35,71.0,
26,36,71.77,
24,37,71.1,
29,28,71.46,
30,29,71.22,
29,30,71.16,
27,31,71.6,
29,32,72.14,
26,33,71.88,
31,34,70.72,
26,35,71.4,
24,36,70.9,
24,37,71.63,
24,38,71.36,
25,39,70.8,
25,40,71.5,
21,41,71.95,
22,42,70.94,
19,43,70.66,
23,44,70.52,
23,45,71.91,
21,46,73.15,
21,47,71.71,
29,25,71.11,
33,26,71.38,
31,27,71.88,
29,29,71.11,
31,30,71.21,
33,31,71.34,
31,32,71.23,
30,33,71.39,
36,34,71.82,
30,29,72.04,
34,30,72.72,
25,31,71.93,
30,32,71.22,
29,33,71.75,
27,34,71.14,
30,35,70.66,
27,36,70.91,
27,37,72.12,
27,40,70.81,
30,41,71.06,
30,42,71.41,
26,43,71.48,
30,44,71.83,
25,23,73.07,
28,24,71.99,
29,25,72.57,
32,26,71.56,
31,27,71.6,
30,28,71.74,
31,29,71.09,
28,30,70.83,
25,31,69.83,
23,32,70.6,
25,33,71.76,
26,34,70.16,
26,35,70.46,
27,36,71.33,
27,37,71.07,
29,38,71.49,
29,39,71.52,
32,40,73.79,
29,41,73.92,
28,42,72.14,
21,43,72.1,
24,24,72.13,
32,25,71.43,
31,26,71.13,
27,27,70.82,
29,28,70.36,
27,29,70.51,
27,30,69.96,
24,31,70.28,
26,32,70.94,
19,33,70.58,
23,34,70.41,
26,35,70.17,
23,36,71.54,
27,37,70.69,
25,38,70.52,
23,39,70.66,
21,40,70.63,
20,41,71.21,
29,25,72.06,
35,26,72.84,
31,27,72.71,
32,28,72.73,
33,29,72.25,
27,30,71.03,
28,31,71.24,
31,32,72.61,
28,33,72.19,
28,34,71.43,
29,35,71.31,
30,36,71.48,
30,37,70.56,
28,38,70.54,
29,39,71.12,
18,40,71.98,
29,26,71.89,
30,27,71.89,
30,28,71.04,
23,29,71.61,
28,30,72.0,
24,31,71.96,
24,32,70.88,
26,33,71.2,
25,34,71.21,
24,35,71.77,
22,36,71.73,
24,37,70.68,
24,38,71.0,
22,39,71.0,
20,40,71.19,
24,41,70.67,
17,42,71.45,
20,43,71.66,
24,44,71.28,
17,45,72.11,
27,24,71.99,
29,25,72.64,
25,26,71.95,
30,27,71.44,
32,28,71.9,
30,29,71.72,
29,30,71.18,
26,31,71.51,
30,32,71.54,
26,33,71.25,
24,34,71.0,
28,35,71.78,
28,36,72.2,
33,37,71.63,
31,38,71.24,
31,39,72.24,
27,24,72.12,
35,25,72.5,
32,26,72.14,
35,27,71.73,
33,28,71.53,
36,29,71.55,
33,30,71.22,
32,31,71.56,
34,32,73.56,
21,33,72.63,
27,36,70.88,
32,37,71.87,
33,38,71.53,
22,39,72.6,
26,30,70.96,
26,31,69.8,
25,32,70.21,
25,33,71.04,
25,34,70.84,
24,35,71.01,
26,36,70.99,
24,37,70.38,
25,38,70.1,
23,39,70.42,
22,40,70.79,
25,41,70.72,
23,42,70.04,
20,43,70.13,
23,44,70.71,
25,45,71.23,
21,46,71.32,
22,47,71.34,
22,48,72.36,
21,49,72.67,
22,28,71.56,
25,29,71.03,
25,30,71.27,
28,31,70.89,
21,32,71.87,
21,33,71.2,
20,34,71.17,
21,35,71.24,
22,36,71.01,
19,37,71.28,
20,38,71.62,
16,39,70.39,
18,40,71.13,
18,41,70.38,
19,42,70.15,
15,43,70.76,
16,44,70.87,
16,45,71.42,
20,46,71.22,
19,47,72.74,
27,30,71.87,
27,31,71.64,
26,32,71.2,
25,33,70.88,
23,34,71.49,
24,35,70.44,
26,36,71.08,
22,37,70.73,
24,38,70.43,
25,39,71.23,
23,40,71.45,
23,41,70.8,
24,42,70.91,
22,43,71.13,
25,44,72.66,
21,45,71.81,
21,46,72.65,
20,47,71.24,
20,48,72.79,
32,22,72.67,
33,23,72.65,
30,24,72.35,
31,25,71.42,
29,26,72.59,
31,27,72.2,
32,28,71.78,
24,29,73.88,
28,30,71.47,
29,31,72.15,
26,32,70.71,
28,33,71.77,
27,34,72.01,
27,35,72.26,
28,36,72.45,
20,37,71.16,
27,28,71.44,
31,29,71.88,
29,30,71.67,
29,31,70.8,
24,32,71.44,
26,33,70.36,
27,34,70.81,
26,35,70.63,
23,36,71.05,
23,37,71.28,
24,38,71.72,
16,39,70.72,
22,40,71.06,
21,41,71.46,
19,42,70.25,
20,43,71.72,
18,27,72.98,
26,28,72.45,
25,29,73.22,
26,30,71.81,
28,31,71.65,
27,32,71.65,
28,33,72.0,
27,34,71.21,
27,35,70.37,
25,36,71.1,
26,37,71.27,
26,38,71.06,
24,39,71.01,
28,40,71.44,
28,41,70.72,
27,42,71.28,
19,43,71.97,
22,44,71.87,
28,23,72.34,
27,24,72.0,
21,25,71.96,
25,26,71.53,
19,27,71.22,
26,28,72.16,
24,29,72.38,
21,30,71.3,
23,31,71.56,
27,32,71.09,
22,33,71.49,
27,34,70.23,
26,35,70.4,
21,36,70.42,
23,37,70.76,
22,38,70.77,
24,39,71.15,
23,40,71.07,
24,41,71.89,
35,28,72.08,
34,29,71.63,
34,30,71.71,
33,31,72.38,
31,32,71.95,
31,33,71.94,
31,34,70.92,
30,35,70.6,
31,36,70.88,
31,37,71.32,
28,38,71.64,
31,39,71.13,
24,40,72.43,
22,41,70.97,
30,42,71.71,
32,43,71.36,
32,45,71.92,
30,24,70.9,
28,25,70.6,
29,26,70.39,
28,27,71.54,
26,28,71.03,
25,29,71.15,
25,30,71.43,
27,31,70.56,
24,32,70.79,
21,33,70.61,
20,34,71.26,
20,35,71.32,
17,36,71.27,
24,37,70.72,
23,38,70.84,
24,39,70.9,
24,40,71.22,
20,41,71.4,
16,42,72.02,
28,29,72.01,
31,30,71.81,
28,31,71.01,
28,32,72.34,
30,33,73.13,
28,34,72.26,
31,35,72.13,
32,36,71.61,
29,37,71.02,
27,38,71.77,
27,39,72.19,
25,40,70.95,
30,41,71.27,
27,42,71.71,
28,43,71.33,
30,44,71.75,
27,45,71.45,
31,47,72.07,
24,24,72.55,
29,25,72.78,
31,26,73.34,
24,27,72.1,
28,28,71.6,
25,29,71.77,
33,30,71.74,
29,31,71.4,
29,32,71.9,
15,33,70.4,
25,35,70.89,
22,36,70.24,
24,37,70.24,
24,38,70.64,
28,39,71.35,
28,40,72.24,
24,25,72.92,
25,26,72.97,
27,27,72.09,
34,28,72.5,
27,29,71.73,
24,30,73.21,
30,31,72.17,
33,32,71.96,
19,33,70.54,
30,34,71.45,
32,35,72.01,
30,36,71.26,
31,37,71.24,
29,38,71.59,
32,39,72.45,
25,40,70.62,
25,41,71.22,
28,42,71.49,
25,43,72.39,
32,27,72.0,
30,28,72.06,
27,29,70.64,
22,30,70.98,
28,31,71.07,
23,32,71.0,
28,33,71.4,
27,34,71.18,
23,35,70.81,
26,36,70.63,
23,37,71.91,
25,38,71.37,
25,39,71.05,
22,40,71.18,
24,41,71.23,
20,42,72.12,
20,43,71.07,
20,44,70.84,
22,30,69.95,
21,31,70.74,
20,32,70.45,
17,33,70.89,
20,34,70.97,
19,35,71.06,
20,36,70.28,
20,37,70.42,
19,38,70.63,
18,39,71.59,
17,40,71.84,
16,41,70.65,
16,42,70.84,
15,43,70.81,
16,44,70.93,
15,45,70.37,
16,46,70.98,
22,23,73.55,
33,24,72.72,
34,25,73.34,
30,26,71.67,
31,27,72.16,
27,28,71.33,
29,29,70.25,
27,30,71.86,
25,31,71.47,
29,32,71.11,
26,33,70.78,
22,34,72.23,
28,35,71.52,
23,36,71.8,
30,37,71.96,
20,38,71.92,
27,23,72.35,
32,24,71.78,
33,25,71.68,
32,26,71.72,
30,27,71.43,
31,28,71.1,
31,29,71.38,
31,30,70.94,
31,31,70.95,
30,32,70.4,
26,33,70.32,
25,34,71.14,
24,35,71.39,
27,36,71.35,
31,37,71.59,
25,39,72.37,
31,30,71.88,
35,31,72.35,
36,32,72.19,
34,33,72.89,
31,34,72.12,
34,35,71.86,
30,36,71.54,
29,37,71.39,
34,38,71.47,
25,39,71.47,
33,40,71.81,
30,41,70.89,
28,42,70.74,
28,43,71.12,
28,44,71.72,
29,45,71.14,
17,46,72.46,
30,26,71.8,
33,27,72.48,
31,28,72.11,
29,29,71.3,
32,30,72.74,
29,31,71.55,
32,32,71.84,
28,33,71.13,
29,34,70.81,
29,35,71.11,
33,36,71.85,
29,37,70.69,
31,38,71.43,
31,39,71.62,
21,40,72.21,
21,41,72.66,
25,33,71.64,
24,34,70.96,
25,35,71.18,
25,36,71.04,
23,37,71.13,
25,38,71.58,
16,39,71.0,
23,40,70.68,
25,41,70.78,
24,42,70.95,
24,43,70.84,
23,44,70.37,
23,45,70.03,
18,46,70.09,
21,47,70.66,
18,48,70.39,
30,28,72.63,
25,29,72.71,
26,30,72.08,
29,31,71.15,
26,32,71.81,
24,33,71.78,
28,34,71.53,
29,35,70.76,
22,36,70.51,
20,37,71.1,
24,38,71.83,
23,39,71.13,
24,40,71.27,
21,41,70.62,
20,42,69.86,
19,43,71.08,
15,44,71.27,
28,24,71.49,
31,25,71.75,
29,26,72.02,
28,27,71.54,
25,28,71.72,
26,29,72.0,
25,30,71.11,
26,31,71.89,
30,32,71.33,
24,33,71.66,
27,34,72.12,
29,35,71.39,
28,36,71.3,
26,37,71.56,
26,38,71.93,
28,39,71.49,
31,24,72.57,
27,25,72.76,
33,26,71.18,
31,27,71.21,
33,28,72.11,
31,29,71.9,
31,30,71.55,
28,33,71.15,
33,34,71.38,
17,35,71.52,
26,27,70.93,
25,28,70.95,
22,29,72.31,
21,30,70.92,
24,31,71.43,
22,32,73.7,
26,33,71.38,
24,34,70.35,
26,35,70.13,
23,36,71.19,
21,37,71.66,
21,38,71.05,
24,39,70.7,
22,40,71.61,
24,41,70.85,
23,42,71.45,
19,43,71.85,
25,31,71.09,
26,32,71.29,
26,33,71.75,
28,34,71.65,
30,35,71.11,
29,36,70.44,
27,37,70.78,
29,38,70.98,
30,39,70.59,
31,40,71.07,
28,41,71.48,
21,42,71.43,
28,43,71.99,
27,44,72.68,
26,45,72.31,
25,46,71.4,
28,47,72.85,
24,28,71.28,
24,29,70.01,
24,30,71.21,
20,31,71.3,
21,32,71.0,
18,33,71.27,
22,34,70.88,
21,35,71.23,
25,36,70.45,
20,37,70.81,
18,38,70.8,
19,39,70.04,
18,40,70.08,
16,41,70.88,
18,42,69.95,
16,43,71.43,
26,30,72.05,
27,31,72.06,
25,32,71.74,
26,33,71.45,
25,34,71.49,
25,35,71.7,
30,36,70.77,
25,37,71.46,
27,38,71.81,
25,39,71.9,
26,40,71.49,
22,41,71.25,
23,42,70.41,
20,43,71.65,
27,44,71.35,
21,45,71.47,
26,28,72.52,
27,29,72.48,
28,30,72.2,
26,31,72.09,
28,32,72.91,
24,33,72.37,
29,34,71.5,
26,35,71.9,
22,36,71.17,
24,37,72.68,
25,38,72.02,
26,39,71.82,
27,40,72.47,
18,41,71.05,
25,42,71.5,
18,24,72.48,
35,25,72.39,
33,26,72.06,
34,27,71.93,
35,28,71.83,
32,29,72.23,
35,30,71.93,
34,31,71.85,
38,32,71.63,
35,33,71.11,
32,34,71.28,
34,35,71.9,
31,36,71.45,
34,37,72.16,
34,24,72.31,
26,25,73.19,
30,26,72.02,
33,27,72.77,
30,28,71.29,
38,29,72.1,
31,30,71.32,
35,31,71.25,
33,32,71.12,
32,33,71.24,
30,34,70.62,
32,35,71.72,
25,36,72.58,
29,24,71.66,
31,25,71.93,
25,26,71.87,
29,27,71.12,
26,28,70.92,
28,29,71.99,
22,30,70.47,
27,31,71.02,
31,32,71.23,
21,33,70.54,
22,34,71.47,
18,35,71.69,
18,36,69.79,
0,21,69.59,
32,22,69.99,
31,23,70.3,
30,24,71.09,
29,25,70.72,
30,26,71.46,
26,27,71.47,
31,28,71.15,
29,29,70.64,
28,30,69.96,
30,25,71.06,
33,26,71.62,
32,27,71.27,
28,28,71.11,
19,29,71.62,
27,30,70.76,
27,31,70.7,
22,32,71.04,
27,33,70.04,
28,25,71.19,
28,26,70.62,
30,27,70.5,
28,28,69.9,
29,29,70.31,
23,30,71.07,
25,31,72.45,
27,32,71.07,
17,33,70.85,
17,34,70.92,
22,35,70.28,
24,36,70.04,
28,23,73.36,
28,26,72.08,
30,28,70.38,
33,29,70.67,
28,30,70.79,
30,31,70.27,
32,32,70.96,
30,33,70.22,
28,34,70.07,
32,23,70.39,
29,24,70.94,
27,25,71.02,
31,26,71.14,
20,27,69.97,
23,28,70.56,
27,29,71.36,
25,30,70.47,
26,31,70.13,
28,25,72.12,
31,27,70.39,
33,28,70.76,
33,29,69.91,
30,30,70.69,
33,31,70.73,
25,32,70.51,
31,33,70.66,
30,34,70.44,
28,35,70.35,
28,36,70.26,
34,25,71.21,
28,26,70.11,
27,27,70.43,
31,28,71.24,
32,29,71.32,
22,30,71.06,
28,32,72.24,
26,35,70.05,
27,36,70.27,
30,25,70.66,
27,26,70.76,
27,27,70.78,
21,28,69.89,
26,29,71.23,
25,30,70.38,
27,31,70.54,
24,32,70.3,
23,25,70.93,
25,26,71.1,
26,27,70.75,
26,28,70.49,
22,29,71.04,
19,30,70.55,
27,31,70.87,
23,32,69.88,
24,33,70.31,
30,25,72.85,
24,30,73.16,
27,32,71.56,
30,33,72.0,
23,34,70.36,
18,25,70.53,
18,26,70.63,
19,27,70.92,
15,28,71.0,
18,29,71.08,
20,30,69.9,
19,31,70.5,
18,32,70.27,
17,33,69.9,
16,34,69.69,
18,35,70.63,
16,36,70.5,
16,37,71.44,
19,38,70.76,
20,39,70.37,
30,29,71.19,
29,30,70.6,
27,31,70.56,
32,32,70.81,
24,33,71.12,
24,34,71.12,
26,35,70.65,
25,36,70.4,
21,37,71.01,
22,38,71.52,
22,39,70.39,
25,28,70.92,
31,29,70.76,
32,30,70.97,
25,31,71.13,
25,32,71.17,
28,33,70.43,
27,24,72.29,
34,26,70.22,
27,27,71.12,
29,28,71.47,
30,29,71.09,
28,30,71.12,
29,31,70.97,
28,32,71.54,
27,33,71.22,
26,34,70.43,
34,27,70.54,
27,28,69.91,
28,29,71.03,
27,30,70.67,
25,31,70.9,
28,32,72.01,
28,33,70.37,
26,34,70.43,
28,35,70.48,
28,25,70.63,
34,26,70.98,
31,27,70.73,
30,28,70.94,
32,29,70.69,
28,30,70.84,
26,31,71.39,
34,32,71.07,
28,33,70.56,
27,34,70.48,
26,27,72.39,
33,28,70.93,
32,29,70.1,
34,30,70.58,
34,31,71.23,
32,32,70.84,
33,33,71.21,
31,34,70.32,
32,35,70.89,
31,36,70.11,
27,37,70.35,
30,38,70.49,
27,27,71.18,
26,28,70.38,
29,29,70.44,
27,30,70.25,
24,31,70.11,
26,32,70.78,
31,33,70.89,
22,34,70.48,
28,35,71.12,
28,36,70.64,
21,37,70.81,
22,38,70.53,
25,29,71.48,
27,30,71.27,
26,31,71.01,
28,32,71.24,
27,33,70.93,
30,34,70.98,
25,35,69.57,
28,36,70.62,
27,37,70.85,
27,38,71.01,
24,39,71.54,
22,40,71.22,
27,41,70.68,
29,42,70.53,
26,23,72.93,
31,28,71.28,
27,29,70.69,
29,30,70.89,
29,31,72.08,
20,32,70.86,
21,33,70.53,
32,24,71.51,
32,25,71.22,
31,26,71.04,
29,27,70.56,
30,28,71.04,
28,29,70.13,
29,30,71.17,
30,31,70.66,
25,32,70.54,
31,23,70.82,
28,24,70.49,
27,25,70.8,
27,26,70.0,
29,27,70.1,
27,28,70.76,
28,29,70.03,
28,30,70.1,
26,31,70.62,
26,32,70.3,
25,33,70.8,
23,34,70.65,
22,35,71.1,
23,36,70.55,
21,27,73.19,
31,29,71.05,
34,30,71.33,
30,31,70.56,
28,32,70.56,
27,33,71.22,
29,34,71.72,
29,35,70.91,
29,36,71.58,
16,37,71.39,
21,38,70.57,
22,27,72.0,
27,28,72.12,
32,30,71.83,
32,31,70.8,
35,32,71.2,
30,33,71.07,
31,34,71.14,
33,35,71.08,
16,36,71.45,
0,37,70.64,
33,39,71.52,
22,40,71.03,
24,41,70.62,
33,27,71.65,
29,28,72.36,
32,29,71.34,
24,34,70.7,
31,34,70.66,
32,35,70.21,
32,36,71.19,
32,37,71.25,
30,38,71.68,
32,39,70.92,
32,40,71.23,
31,41,70.52,
32,42,70.72,
33,28,71.37,
28,29,71.5,
29,32,70.99,
29,33,70.79,
23,23,71.58,
27,24,70.86,
26,25,70.85,
26,26,70.51,
26,27,70.51,
20,28,71.19,
22,29,71.17,
20,30,71.38,
20,31,70.68,
19,32,70.8,
29,25,71.36,
21,31,71.81,
24,34,70.91,
31,24,71.79,
30,25,71.01,
34,26,71.12,
20,27,72.36,
32,29,71.02,
30,30,71.31,
29,31,70.84,
31,32,70.9,
29,33,70.92,
29,34,70.65,
32,35,70.96,
31,30,71.59,
32,32,71.07,
33,33,72.17,
30,36,70.88,
28,37,71.54,
28,38,70.84,
17,39,71.04,
28,27,72.0,
26,28,71.09,
29,29,70.02,
26,30,70.31,
26,31,70.57,
30,32,70.56,
31,33,71.26,
29,34,70.78,
29,35,71.09,
26,36,70.72,
25,37,71.06,
27,22,72.01,
26,23,71.22,
23,24,71.28,
23,25,70.94,
27,26,71.15,
26,27,70.88,
26,28,71.41,
24,29,70.8,
23,30,70.49,
23,31,71.05,
25,32,70.75,
26,33,71.17,
29,32,70.5,
27,33,70.19,
26,34,70.66,
26,35,71.15,
24,36,70.98,
25,37,71.08,
28,38,71.39,
23,39,70.85,
26,40,71.18,
25,31,72.58,
33,32,70.6,
34,33,71.16,
15,34,71.0,
24,37,70.8,
24,39,71.23,
32,25,71.4,
33,26,72.18,
20,27,71.14,
28,28,71.65,
26,31,71.57,
30,32,71.04,
27,33,70.73,
26,34,71.1,
28,35,71.31,
16,19,71.12,
18,20,69.6,
21,21,70.57,
20,22,71.07,
18,23,70.56,
20,24,70.24,
17,25,71.45,
19,26,70.45,
19,27,70.6,
17,28,70.62,
15,29,71.54,
26,23,70.76,
23,24,70.45,
29,25,70.37,
23,26,69.6,
21,27,70.24,
19,28,69.9,
20,29,69.58,
24,30,70.6,
24,31,72.1,
20,32,73.73,
22,33,72.13,
24,34,71.59,
29,30,70.23,
31,31,71.28,
32,32,69.64,
32,33,70.46,
32,34,70.65,
33,35,70.44,
31,36,71.03,
30,37,72.0,
33,38,70.79,
31,39,71.25,
29,40,71.17,
27,41,71.13,
25,42,71.62,
27,25,73.7,
35,29,70.53,
34,30,71.23,
33,31,71.5,
33,32,71.32,
25,33,71.71,
30,34,70.72,
30,35,71.64,
27,27,71.78,
30,28,71.1,
28,29,70.42,
23,30,70.06,
25,31,70.79,
21,32,69.89,
22,33,70.71,
23,34,71.8,
24,35,70.76,
23,36,71.16,
26,37,70.68,
24,38,70.63,
19,39,71.77,
21,28,72.22,
25,31,73.24,
30,35,71.54,
25,37,71.22,
20,40,72.07,
29,30,72.57,
26,34,72.18,
20,37,72.02,
23,41,72.22,
32,33,71.42,
26,41,72.48,
21,21,69.75,
20,22,70.1,
21,23,69.56,
20,24,68.17,
19,25,68.87,
18,26,69.0,
18,27,69.38,
19,28,69.68,
21,29,69.11,
15,30,68.73,
16,31,69.1,
17,32,68.84,
26,26,71.28,
29,27,71.33,
24,28,70.99,
25,29,70.75,
28,30,71.2,
27,31,70.6,
25,32,70.45,
31,33,70.54,
29,34,70.77,
32,35,71.75,
23,36,71.48,
28,37,70.17,
32,33,70.48,
33,34,70.98,
35,35,71.45,
34,36,71.4,
35,38,70.93,
15,39,70.53,
34,29,72.02,
28,31,72.18,
24,34,71.45,
27,36,71.08,
20,37,70.62,
24,28,72.33,
29,29,71.96,
31,30,71.09,
30,31,70.56,
26,32,71.75,
28,33,71.99,
26,34,72.32,
27,35,71.54,
29,36,71.57,
29,37,71.39,
26,38,70.83,
25,24,71.51,
21,25,71.24,
32,26,70.55,
34,27,70.46,
33,28,70.6,
27,29,71.01,
27,30,70.77,
25,31,71.49,
24,32,71.14,
32,33,71.25,
17,34,71.14,
31,28,71.53,
19,29,71.43,
27,31,71.28,
26,32,71.45,
25,33,71.88,
20,34,70.59,
23,35,70.32,
26,36,70.24,
26,37,71.24,
25,38,70.83,
23,39,71.22,
17,40,71.33,
30,25,71.49,
30,27,71.66,
29,30,72.2,
27,31,71.02,
33,32,71.03,
24,33,71.4,
29,30,71.99,
26,31,72.85,
28,33,72.05,
33,34,71.07,
23,35,70.64,
32,36,70.81,
32,37,71.15,
32,38,71.05,
30,39,71.16,
23,40,70.96,
24,41,71.51,
29,28,71.41,
26,30,70.67,
24,32,71.68,
20,34,71.63,
31,28,71.4,
26,29,71.28,
24,30,70.88,
32,31,71.31,
26,32,71.57,
18,33,72.02,
25,34,71.88,
21,39,72.12,
28,25,72.62,
30,26,72.28,
34,34,71.29,
29,35,70.56,
23,23,73.16,
28,25,73.08,
29,27,71.73,
27,30,70.68,
29,31,70.63,
17,32,70.63,
17,33,71.23,
24,35,70.92,
23,28,72.87,
28,32,71.68,
34,35,71.13,
23,36,71.05,
29,26,71.68,
30,27,71.29,
32,28,71.09,
31,29,70.71,
31,30,70.7,
29,31,70.14,
30,32,71.08,
30,33,71.08,
27,34,71.12,
33,35,71.52,
29,36,70.47,
30,37,71.32,
32,38,71.22,
27,24,72.23,
25,32,71.24,
34,24,71.11,
35,25,71.2,
26,26,71.31,
20,27,71.8,
23,31,71.25,
17,28,71.68,
19,29,70.92,
19,30,70.29,
19,31,70.24,
20,32,70.77,
20,33,71.47,
20,34,70.34,
25,35,70.02,
26,36,71.42,
31,37,71.12,
24,38,70.16,
24,39,71.09,
24,40,70.64,
27,41,70.7,
29,42,71.25,
34,25,72.27,
29,28,70.81,
33,29,70.94,
28,30,72.5,
34,31,71.46,
20,36,71.64,
29,28,71.92,
29,31,70.77,
21,32,71.79,
25,33,71.48,
26,34,71.85,
29,25,71.93,
28,26,71.82,
31,27,70.96,
23,28,70.79,
22,29,71.03,
29,30,70.74,
25,31,70.81,
26,32,71.29,
22,33,71.22,
16,34,71.25,
31,30,71.25,
21,31,70.96,
22,33,72.23,
32,36,71.66,
27,30,71.17,
35,31,71.59,
21,32,71.0,
27,34,71.65,
26,36,71.81,
29,28,70.58,
26,29,70.85,
30,30,70.89,
24,31,70.85,
25,32,70.51,
29,33,70.68,
16,34,70.73,
31,35,70.64,
21,36,71.58,
30,37,70.96,
16,27,71.46,
21,28,70.19,
15,29,70.52,
14,30,71.73,
17,31,69.8,
16,32,71.48,
21,33,71.73,
15,34,71.22,
19,35,71.09,
24,36,71.13,
28,26,72.65,
31,28,71.64,
28,29,72.38,
30,31,70.44,
30,32,70.72,
30,33,71.75,
33,34,71.3,
32,35,71.33,
21,36,71.37,
32,24,71.2,
28,25,70.89,
30,26,71.37,
28,27,71.13,
27,28,71.15,
28,29,71.76,
32,30,71.35,
28,31,71.42,
28,32,71.56,
31,33,71.55,
31,28,71.53,
26,29,71.18,
29,30,70.62,
34,31,71.07,
25,32,70.99,
25,35,71.82,
31,27,71.18,
30,28,71.57,
32,29,71.63,
27,30,70.98,
25,31,71.95,
32,33,71.4,
24,35,71.0,
28,36,71.89,
21,28,72.59,
28,29,71.55,
32,31,71.34,
31,32,71.73,
30,33,70.88,
31,34,70.84,
31,35,70.63,
31,36,71.12,
32,37,70.95,
30,38,71.0,
17,39,72.0,
30,24,72.34,
28,28,71.16,
30,32,71.54,
30,34,71.0,
31,35,70.68,
28,36,70.2,
29,37,71.39,
21,38,71.53,
33,27,71.98,
30,29,71.45,
29,30,71.18,
28,31,70.56,
22,32,72.07,
25,33,71.87,
31,36,71.83,
22,28,71.56,
26,29,71.88,
23,33,71.62,
28,34,71.75,
28,36,71.39,
23,40,71.92,
27,29,71.9,
23,30,71.86,
31,31,72.11,
33,32,71.54,
33,33,71.28,
22,34,72.13,
20,37,72.04,
27,31,71.38,
30,32,71.79,
28,35,71.01,
26,36,71.79,
25,37,71.12,
30,38,71.16,
21,39,71.1,
24,40,72.41,
24,28,73.57,
28,29,72.87,
22,32,72.71,
28,35,71.46,
25,41,72.59,
28,32,71.68,
30,33,71.13,
28,34,71.72,
28,35,71.92,
27,36,71.75,
27,37,72.89,
29,31,72.27,
34,34,72.07,
24,35,70.97,
22,36,71.27,
24,25,71.58,
31,26,72.33,
31,29,72.16,
29,30,71.73,
29,31,71.01,
30,32,70.68,
28,33,71.93,
30,34,71.35,
31,25,72.43,
29,31,70.37,
35,32,70.77,
32,33,71.37,
27,26,71.39,
29,27,71.23,
32,28,71.67,
29,32,70.8,
17,33,72.09,
23,26,71.44,
20,27,71.19,
24,28,71.17,
24,29,71.04,
20,30,70.9,
16,31,71.21,
19,32,71.63,
22,33,71.03,
22,34,70.71,
21,35,70.97,
16,36,72.14,
31,30,71.71,
29,31,71.52,
21,32,71.5,
27,34,72.29,
21,24,71.89,
30,25,71.84,
33,29,70.66,
31,30,71.54,
28,31,71.57,
32,32,70.84,
30,30,71.93,
21,31,71.26,
28,32,72.0,
28,33,71.58,
25,34,70.92,
29,35,71.09,
29,36,71.47,
29,37,71.22,
29,38,71.7,
20,39,70.95,
17,40,71.11,
28,27,71.21,
35,28,72.15,
29,30,70.95,
32,31,71.73,
29,34,71.67,
28,30,71.45,
30,31,71.26,
33,32,71.26,
21,33,71.89,
31,25,71.59,
32,26,71.69,
34,27,71.66,
32,28,71.63,
22,29,70.89,
32,30,72.09,
31,31,71.52,
21,32,72.39,
31,34,72.3,
24,22,71.89,
28,25,71.37,
28,26,71.58,
29,27,72.69,
25,28,70.58,
27,33,71.14,
29,25,72.23,
30,27,71.82,
28,28,71.62,
29,29,71.48,
27,30,71.67,
25,31,71.4,
23,32,71.87,
26,33,71.24,
25,34,70.7,
24,35,71.87,
21,36,70.84,
23,37,71.18,
30,38,71.2,
19,26,73.04,
32,29,72.65,
30,30,71.41,
34,31,72.26,
30,33,71.14,
32,34,71.72,
29,29,71.56,
18,30,70.63,
26,31,71.64,
33,32,71.49,
34,33,72.06,
30,34,71.41,
31,35,71.01,
36,36,71.17,
30,37,72.28,
30,24,72.62,
27,25,72.67,
27,26,72.01,
31,27,72.15,
21,28,70.93,
25,29,72.05,
27,30,72.03,
21,31,71.3,
25,32,71.75,
23,33,71.15,
25,34,71.85,
26,35,71.92,
20,38,72.49,
28,27,71.39,
32,28,71.88,
24,30,71.43,
30,31,70.52,
28,32,71.16,
30,33,72.54,
22,30,71.82,
26,31,71.33,
23,32,71.93,
23,33,71.21,
29,34,71.11,
28,35,71.24,
28,36,72.24,
21,37,72.55,
18,38,71.13,
21,39,71.42,
21,40,72.39,
26,41,72.12,
25,42,71.95,
21,43,71.18,
26,44,72.59,
33,25,71.97,
34,26,71.28,
35,27,71.68,
36,28,71.86,
36,29,71.76,
32,30,71.35,
32,31,71.3,
37,32,72.15,
33,33,71.02,
35,27,71.52,
33,28,72.04,
33,29,71.64,
26,30,72.34,
29,31,70.91,
32,32,70.45,
31,33,70.75,
27,34,71.33,
28,35,72.86,
25,36,71.68,
23,38,72.32,
23,24,72.86,
25,25,72.84,
31,28,71.61,
26,30,71.9,
29,33,72.05,
35,34,71.13,
27,35,72.59,
23,32,72.61,
26,38,73.25,
28,25,70.71,
30,26,71.52,
27,27,71.46,
24,28,70.87,
28,29,73.52,
30,30,71.33,
22,31,71.83,
34,32,71.38,
33,33,72.16,
31,34,71.46,
31,28,71.46,
30,33,71.4,
38,34,72.12,
32,35,71.52,
30,28,72.95,
28,30,72.75,
30,31,72.18,
32,33,71.23,
34,34,72.24,
35,35,71.78,
33,27,71.27,
33,28,71.94,
33,29,72.01,
33,30,71.37,
35,31,71.06,
36,32,71.12,
34,33,71.5,
30,35,71.88,
22,26,72.67,
30,27,72.09,
21,28,71.3,
28,29,71.62,
30,31,72.48,
29,32,71.71,
29,34,71.53,
30,35,71.86,
29,36,71.92,
31,28,72.04,
30,29,72.39,
29,31,71.56,
31,32,72.32,
30,35,71.35,
34,36,71.21,
31,37,71.42,
25,38,71.92,
30,25,71.9,
32,26,70.97,
28,27,72.07,
30,30,71.26,
17,31,71.14,
27,32,72.14,
18,34,71.2,
26,35,72.08,
30,33,72.37,
26,24,71.22,
29,25,70.97,
27,26,71.06,
27,27,70.84,
26,28,71.37,
26,29,71.33,
25,30,71.63,
24,31,71.15,
24,32,71.35,
25,33,70.92,
28,34,71.7,
32,35,72.87,
27,27,72.39,
29,28,72.22,
32,29,71.8,
29,30,72.28,
27,31,72.17,
30,32,71.4,
27,33,71.49,
24,34,71.13,
30,35,72.01,
30,36,72.69,
24,37,71.62,
28,38,71.29,
27,39,71.02,
27,40,72.24,
28,41,71.46,
25,22,72.91,
36,23,72.21,
36,24,72.56,
19,25,70.58,
34,26,70.59,
34,27,71.61,
32,28,70.79,
28,29,70.44,
27,30,71.33,
27,31,71.06,
27,32,70.81,
24,33,71.38,
28,34,71.91,
28,35,72.04,
30,36,72.15,
33,23,72.19,
30,24,71.88,
30,26,70.99,
33,27,71.95,
26,30,71.2,
33,31,72.31,
31,31,71.83,
29,33,71.69,
34,34,72.4,
22,29,72.13,
24,32,71.73,
26,33,73.14,
23,25,70.75,
25,26,71.1,
28,27,71.89,
26,28,71.7,
26,29,72.21,
26,30,71.1,
29,31,72.09,
26,33,71.17,
29,34,71.4,
17,35,70.81,
17,36,71.09,
23,32,72.0,
29,33,72.14,
28,34,72.2,
27,35,73.26,
29,36,70.7,
28,37,71.28,
29,38,71.61,
22,39,71.25,
17,40,70.48,
25,41,71.32,
34,45,71.86,
31,26,71.95,
29,27,71.06,
30,28,71.85,
30,29,71.89,
30,30,71.54,
31,31,71.78,
28,32,71.21,
31,33,72.05,
27,29,72.49,
28,30,71.99,
25,35,71.93,
31,36,72.09,
26,35,71.58,
24,36,71.75,
27,37,71.11,
30,38,71.68,
23,39,72.1,
21,28,73.0,
27,29,71.59,
27,31,71.14,
32,32,71.64,
30,33,71.94,
31,34,72.78,
28,36,72.4,
27,35,72.08,
27,37,72.59,
31,24,71.23,
28,25,70.93,
26,26,71.3,
29,27,71.76,
23,28,71.2,
27,29,74.7,
24,30,72.2,
26,31,71.94,
24,32,71.84,
25,33,72.66,
29,29,71.75,
28,30,72.07,
23,32,72.75,
27,26,70.73,
14,27,70.82,
30,28,70.99,
27,29,71.44,
30,30,70.93,
27,31,71.28,
27,32,70.56,
18,33,72.56,
19,34,72.75,
25,35,72.11,
22,36,72.28,
24,37,71.25,
21,38,73.36,
28,39,72.28,
20,40,72.79,
16,28,70.84,
16,29,71.25,
19,30,70.22,
18,31,70.67,
14,32,70.65,
17,33,70.58,
17,34,70.3,
17,35,70.71,
16,36,70.4,
15,37,69.48,
16,38,69.33,
16,39,69.88,
17,40,70.61,
15,41,70.41,
27,26,71.22,
37,27,72.11,
25,28,71.26,
31,29,70.9,
29,30,70.9,
32,31,71.19,
31,32,71.3,
30,33,71.43,
33,34,71.3,
18,35,70.93,
32,25,71.99,
29,26,71.72,
29,27,72.51,
30,28,71.8,
31,29,72.45,
26,30,71.24,
32,31,71.03,
31,32,72.11,
29,33,71.75,
33,34,71.04,
30,35,71.43,
32,36,70.72,
31,37,70.85,
27,38,71.3,
24,39,71.23,
29,32,71.28,
28,33,71.31,
26,34,71.09,
23,35,72.05,
20,36,71.98,
21,37,71.42,
23,38,71.96,
22,39,71.14,
18,40,70.97,
17,41,71.76,
18,42,72.02,
17,43,72.67,
21,44,72.38,
21,45,70.42,
18,46,72.44,
25,32,73.47,
22,33,72.68,
26,34,72.38,
27,35,71.29,
36,36,72.37,
27,37,71.87,
36,38,71.43,
36,39,71.35,
34,40,71.68,
33,41,71.71,
28,42,72.72,
28,23,71.37,
29,24,71.73,
29,25,72.08,
18,26,71.91,
28,28,71.94,
24,31,72.92,
28,24,71.71,
29,25,71.59,
31,26,71.72,
27,27,71.67,
28,28,71.05,
27,29,70.94,
25,30,70.57,
26,31,70.25,
27,32,70.7,
19,33,71.52,
21,34,70.15,
19,35,70.93,
19,36,71.68,
18,37,71.29,
30,24,72.33,
35,25,72.1,
33,26,72.02,
33,27,70.85,
31,28,71.99,
30,29,71.86,
26,30,70.89,
30,31,71.34,
26,32,71.02,
28,33,71.18,
28,34,71.18,
30,35,71.76,
30,27,71.12,
34,28,72.43,
22,29,71.22,
26,30,71.39,
22,31,71.64,
19,32,71.45,
21,33,71.57,
20,34,72.92,
19,35,71.64,
20,36,71.8,
27,25,72.7,
34,26,72.17,
26,27,71.8,
30,28,71.06,
27,29,71.17,
29,30,71.27,
29,31,70.79,
29,32,71.43,
28,33,72.32,
17,34,71.87,
25,36,72.01,
32,24,71.68,
35,25,72.49,
30,26,70.98,
32,27,71.95,
32,28,71.51,
31,29,71.24,
32,30,71.65,
34,31,72.17,
28,32,72.28,
25,30,71.9,
29,31,72.21,
29,32,72.03,
30,33,71.97,
29,34,71.64,
28,35,71.28,
27,36,71.48,
22,37,73.05,
29,38,71.77,
28,39,71.93,
27,40,71.69,
21,41,72.29,
19,42,71.84,
26,43,71.49,
22,44,73.09,
27,27,72.6,
33,28,72.46,
33,29,71.85,
29,30,70.73,
31,31,71.87,
33,32,71.89,
31,33,72.12,
18,34,72.42,
26,35,72.73,
24,36,71.6,
27,25,71.69,
33,26,71.94,
32,27,73.64,
31,28,73.26,
29,29,71.84,
30,30,71.3,
31,31,70.78,
30,32,71.59,
30,33,70.68,
26,34,70.68,
30,35,71.54,
22,36,71.54,
24,37,71.81,
23,30,72.2,
21,31,72.14,
27,32,72.04,
28,33,73.0,
27,34,72.3,
28,35,71.82,
31,36,70.92,
31,37,71.0,
33,38,72.12,
25,39,71.85,
34,35,72.35,
26,41,72.12,
25,34,71.07,
23,35,71.29,
23,36,71.39,
20,37,70.82,
20,38,71.57,
20,39,71.57,
25,40,72.45,
22,41,71.16,
23,42,71.31,
19,43,71.54,
17,44,70.9,
17,45,71.05,
20,46,71.46,
21,47,70.66,
22,48,70.49,
32,27,72.71,
31,28,70.94,
32,29,70.53,
30,30,70.55,
30,31,71.99,
31,32,70.84,
32,33,71.41,
28,34,71.49,
31,35,71.46,
28,34,71.85,
30,35,71.44,
29,36,71.52,
30,37,71.66,
28,39,72.54,
27,40,71.95,
28,41,71.62,
27,42,71.68,
34,27,72.12,
32,28,71.64,
30,29,73.08,
29,31,72.21,
30,29,72.68,
34,30,73.17,
35,31,72.37,
28,32,71.73,
28,33,72.25,
28,34,71.7,
28,35,71.39,
29,36,70.92,
31,37,71.63,
29,38,72.38,
30,27,71.1,
32,28,72.17,
28,29,72.83,
23,30,73.28,
28,31,71.33,
28,32,71.2,
31,33,72.63,
29,34,72.06,
33,35,72.23,
15,36,70.83,
25,37,72.71,
30,24,73.79,
21,25,71.33,
26,26,73.42,
31,27,73.0,
31,28,71.9,
16,29,71.52,
29,31,71.58,
29,32,73.78,
25,28,72.08,
31,29,71.73,
30,30,71.97,
30,31,71.81,
32,32,71.61,
29,33,70.84,
27,34,71.35,
23,35,71.26,
26,36,71.2,
24,37,71.18,
21,38,72.71,
25,39,72.11,
21,40,71.25,
20,41,71.22,
26,20,70.77,
26,21,71.09,
26,22,72.33,
29,23,72.89,
30,24,71.74,
32,25,72.11,
26,26,71.78,
30,27,71.92,
29,28,71.7,
19,29,72.14,
30,30,71.6,
16,31,71.48,
29,23,73.31,
26,24,72.38,
17,25,72.27,
28,26,71.43,
29,27,70.99,
34,28,72.31,
14,29,71.0,
34,30,71.58,
32,31,71.69,
30,27,71.74,
36,28,71.57,
33,29,72.13,
31,30,71.38,
34,31,71.73,
31,32,71.75,
29,33,72.0,
34,34,71.89,
31,35,71.52,
28,36,71.01,
28,37,71.26,
29,38,71.22,
23,39,71.8,
23,21,72.03,
33,22,72.53,
26,23,72.04,
31,24,71.56,
20,25,71.11,
30,26,71.39,
31,27,71.13,
27,28,71.71,
23,29,71.2,
18,30,71.77,
20,31,71.35,
20,32,71.88,
23,33,71.69,
27,34,71.79,
28,35,72.15,
27,36,72.77,
26,37,71.27,
26,38,71.71,
25,39,72.7,
24,40,72.59,
22,41,72.14,
20,42,71.64,
19,43,72.41,
19,44,72.8,
19,45,72.63,
27,27,71.48,
27,28,71.83,
25,29,71.42,
25,30,72.44,
31,31,72.49,
27,32,71.85,
26,33,71.71,
30,34,71.71,
30,35,71.56,
27,36,71.44,
16,37,71.65,
27,38,71.34,
30,39,71.48,
30,40,72.9,
27,37,71.53,
23,38,70.2,
23,39,70.71,
22,40,70.61,
23,41,71.78,
22,42,70.53,
23,43,70.66,
20,44,71.46,
19,45,71.18,
17,46,72.24,
17,47,72.41,
17,48,70.58,
15,49,70.08,
23,30,71.41,
29,31,71.65,
22,32,72.35,
28,33,71.13,
28,34,72.81,
27,35,71.91,
28,36,72.35,
23,37,72.4,
28,38,71.2,
25,39,73.18,
19,40,71.09,
32,33,72.15,
31,34,72.03,
36,35,72.35,
34,36,72.4,
35,37,72.83,
33,38,72.28,
35,39,72.5,
18,40,71.26,
24,41,72.65,
32,44,71.86,
28,32,71.34,
30,33,71.77,
35,34,71.55,
28,35,72.41,
34,36,72.94,
27,37,72.27,
32,38,72.0,
34,39,71.89,
36,40,71.83,
32,41,71.69,
31,42,72.4,
29,43,71.2,
27,44,72.45,
25,27,73.18,
26,28,72.72,
31,29,71.46,
34,30,71.84,
36,31,71.35,
32,32,71.06,
30,33,71.7,
33,34,70.58,
32,35,72.9,
25,26,73.3,
22,23,72.79,
26,24,73.12,
30,25,72.9,
18,26,72.02,
31,27,72.34,
32,28,71.82,
30,29,71.57,
32,30,71.5,
30,31,71.45,
20,32,71.97,
21,33,73.44,
30,30,71.81,
32,31,71.64,
28,30,72.25,
32,31,71.95,
31,32,72.34,
28,33,72.17,
32,34,72.76,
29,35,72.27,
30,36,71.61,
33,37,71.95,
34,38,72.01,
29,39,71.61,
27,40,72.32,
22,41,71.69,
30,25,72.63,
24,26,73.1,
27,27,71.6,
32,28,71.74,
30,29,72.42,
29,30,71.71,
30,31,71.45,
29,32,72.3,
32,33,72.13,
26,34,70.9,
29,35,72.09,
23,36,71.75,
24,22,71.82,
26,23,72.08,
22,24,72.66,
27,26,72.04,
26,33,72.05,
32,34,71.67,
31,35,71.37,
33,36,71.87,
32,37,72.4,
28,38,72.35,
29,39,71.95,
28,40,71.22,
31,41,72.11,
30,42,71.86,
29,43,72.02,
28,44,72.52,
23,29,71.65,
27,30,72.18,
23,31,72.44,
23,32,72.25,
26,33,73.06,
24,34,71.83,
23,35,72.42,
20,36,72.25,
23,37,72.85,
21,38,73.23,
29,30,72.45,
27,31,71.95,
31,32,71.56,
27,33,72.55,
30,34,72.8,
30,35,71.88,
32,36,72.41,
34,37,72.14,
29,38,71.85,
23,39,71.52,
19,40,71.63,
32,39,71.43,
31,40,71.33,
33,41,71.36,
30,42,71.65,
30,43,73.0,
29,44,71.56,
31,45,72.01,
28,46,71.54,
28,47,71.93,
25,48,70.93,
22,49,71.92,
29,30,71.12,
30,31,71.47,
32,32,71.12,
30,33,72.24,
30,34,71.24,
29,35,71.37,
29,36,72.51,
32,37,71.5,
22,38,73.38,
25,39,73.34,
28,40,72.1,
29,27,72.08,
26,28,72.58,
26,29,71.96,
29,30,71.41,
28,31,71.13,
26,32,71.2,
26,33,70.94,
26,34,72.52,
24,35,71.49,
21,36,72.18,
19,37,72.18,
33,36,71.83,
35,37,71.98,
31,38,71.58,
33,39,72.5,
33,40,74.41,
30,41,73.6,
26,42,72.44,
33,43,72.22,
31,44,71.59,
34,45,72.29,
35,46,72.24,
26,36,71.13,
29,37,71.35,
27,38,70.33,
24,39,70.62,
24,40,70.56,
22,41,70.56,
25,42,70.51,
20,43,71.69,
23,44,71.01,
16,45,72.45,
24,46,72.78,
35,29,71.97,
26,30,72.54,
30,31,71.82,
32,32,71.34,
30,33,71.79,
29,34,72.7,
32,35,72.57,
21,36,72.02,
29,37,72.11,
34,25,72.31,
29,26,71.61,
29,27,72.22,
26,28,71.76,
31,29,71.96,
27,30,71.54,
25,31,72.3,
31,32,71.26,
21,33,71.04,
